hexagram_id,line_number,hexagram_name_hanja,hexagram_name_korean,line_name_hanja,line_text_hanja,line_text_korean,modern_advice
1,1,"乾爲天","중천건","初九","初九 潛龍勿用","초구: 잠룡물용 - 물속에 잠겨 있는 용이니 쓰지 말라","아직 때가 오지 않았으니 도모하는 일을 서두르지 말고 조용히 내실을 다지십시오."
1,2,"乾爲天","중천건","九二","九二 見龍在田 利見大人","구이: 견룡재전 리견대인 - 밭에 용이 나타나니 귀인을 만남이 이롭다","자신의 재능이 세상에 드러나기 시작하는 시기입니다. 훌륭한 조력자나 상사를 만나 뜻을 펼치십시오."
1,3,"乾爲天","중천건","九三","九三 君子終日乾乾 夕惕若 厲無咎","구삼: 군자종일건건 석척약 여무구 - 종일 부지런히 노력하고 밤에도 경계하니 허물이 없다","성공에 자만하지 않고 겸손하게 성실함을 유지한다면 어떠한 위기도 슬기롭게 넘길 수 있습니다."
1,4,"乾爲天","중천건","九四","九四 或躍在淵 無咎","구사: 혹약재연 무구 - 혹은 도약하여 연못에 있으니 허물이 없다","도약할 시기인지 관망할 시기인지를 잘 판단하십시오. 소신 있는 과감한 결단이 필요한 때입니다."
1,5,"乾爲天","중천건","九五","九五 飛龍在天 利見大人","구오: 비룡재천 리견대인 - 날아오른 용이 하늘에 있으니 큰 사람을 만남이 이롭다","운기와 명예가 최고의 전성기를 맞이합니다. 리더십을 발휘하여 전진하되 주위 사람을 챙기십시오."
1,6,"乾爲天","중천건","上九","上九 亢龍有悔","상구: 항룡유회 - 너무 높이 올라간 용은 뉘우침이 있다","절정에 도달한 후에는 나아갈 때보다 물러설 때를 아는 지혜가 필요합니다. 과욕을 삼가십시오."
2,1,"坤爲地","중지곤","初六","初六 履霜 堅冰至","초육: 리상 견빙지 - 서리를 밟으니 곧 굳은 얼음이 이를 것을 안다","작은 징조를 소홀히 하지 마십시오. 다가올 위험이나 변화에 미리 대비하는 지혜가 필요합니다."
2,2,"坤爲地","중지곤","六二","六二 直方大 不習無不利","육이: 직방대 불습무불리 - 바르고 대대함에 배우지 않아도 이롭지 않음이 없다","순수하고 바른 마음가짐을 유지하면 억지로 애쓰지 않아도 자연스럽게 일이 성사됩니다."
2,3,"坤爲地","중지곤","六三","六三 含章可貞 或從王事 無成有終","육삼: 함장가정 혹종왕사 무성유종 - 아름다움을 품고 조용히 순응하여 훌륭한 마침을 보라","스스로 공을 자랑하기보다는 남을 돕는 겸손한 보조자 역할을 할 때 마침내 큰 결실을 얻습니다."
2,4,"坤爲地","중지곤","六四","六四 括囊 無咎無譽","육사: 괄낭 무구무예 - 주머니 입구를 동여매듯 말을 삼가니 허물도 명예도 없다","불필요한 구설수를 조심하십시오. 침묵을 지키고 자중하는 것이 자신을 지키는 길입니다."
2,5,"坤爲地","중지곤","六五","六五 黃裳 元吉","육오: 황상 원길 - 누런 치마를 입으니 최고의 길함이 있다","중용의 미덕과 온화한 성품을 유지할 때 주위의 존경을 받고 무사태평한 길운을 누립니다."
2,6,"坤爲地","중지곤","上六","上六 龍戰于野 其血玄黃","상육: 용전우야 기혈현황 - 들판에서 용이 싸우니 피가 검고 누르다","음과 양의 대립이 극에 달했습니다. 정면충돌을 피하고 한 걸음 물러서서 상황을 수습하십시오."
3,1,"水雷屯","수뢰둔","初九","初九 磐桓 利居貞 利建侯","초구: 반환 리거정 리건후 - 머뭇거리나 바르게 지킴이 이롭고 제후를 세움이 이롭다","시작 단계에서 주저함이 있으나 서두르지 말고 중심을 지키며 유능한 조력자를 확보하십시오."
3,2,"水雷屯","수뢰둔","六二","六二 屯如邅如 乘馬班如 匪寇婚媾 女貞不字 十年乃字","육이: 둔여전여 승마반여 - 막히고 주저하여 말을 타고 방황하나 도적이 아니요 구혼함이라","당장 오해가 있거나 진행이 더디더라도 조급해하지 말고 진실함을 지키면 시간이 흘러 결실을 봅니다."
3,3,"水雷屯","수뢰둔","六三","六三 即鹿無虞 惟入于林中 君子幾不如舍 往吝","육삼: 즉록무구 유입우림중 - 길잡이 없이 사슴을 쫓아 숲속으로 들어가니 군자가 머무름만 못하다","전문가의 가이드 없이 무모하게 추진하면 길을 잃습니다. 무리한 탐욕을 버리고 쉬어 가십시오."
3,4,"水雷屯","수뢰둔","六四","六四 乘馬班如 求婚媾 往吉 無不利","육사: 승마반여 구혼구 왕길 무불리 - 말을 타고 나아가 청혼하니 가면 길하여 이롭지 않음이 없다","주저함을 끝내고 진정성 있게 파트너십을 추진하십시오. 겸손하게 협력하면 큰 이로움이 있습니다."
3,5,"水雷屯","수뢰둔","九五","九五 屯其膏 小貞吉 大貞凶","구오: 둔기고 소정길 대정흉 - 은혜가 베풀어지지 못하니 작은 일은 길하나 큰 일은 흉하다","아직 영향력을 대범하게 펼치기 어렵습니다. 과도한 확장보다는 소소한 내실 관리에 집중하십시오."
3,6,"水雷屯","수뢰둔","上六","上六 乘馬班如 泣血漣如","상육: 승마반여 읍혈련여 - 말을 타고 방황하며 피눈물을 흘린다","고립무원의 위기 상황입니다. 혼자 억지로 해결하려 하지 말고 겸손하게 근본으로 돌아가십시오."
4,1,"山水蒙","산수몽","初六","初六 發蒙 利用刑人 用脫桎梏 以往吝","초육: 발몽 리용형인 - 어리석음을 깨우치기 위해 규율을 세움이 이롭다","기초와 원칙을 세우는 시기입니다. 엄격한 자기도야와 기본 교육을 통해 어리석음을 탈피하십시오."
4,2,"山水蒙","산수몽","九二","九二 包蒙 吉 納婦 吉 子克家","구이: 포몽 길 납부 길 자극가 - 어리석은 자를 포용하니 길하고 아내를 맞이함이 길하다","타인의 부족함을 포용하고 넓은 마음으로 감싸안으십시오. 가정과 조직의 든든한 보루가 됩니다."
4,3,"山水蒙","산수몽","六三","六三 勿用取女 見金夫 不有躬 無攸利","육삼: 물용취녀 견금부 불유궁 - 재물 있는 남자를 보고 지조를 잃은 여인을 취하지 말라","겉보이의 화려함이나 당장의 물질적 이익에 혹하여 본분을 잃지 않도록 자중하십시오."
4,4,"山水蒙","산수몽","六四","六四 困蒙 吝","육사: 곤몽 인 - 어둡고 꽉 막혀 곤란하니 아쉽다","스스로의 고집으로 스승이나 귀인의 조언을 멀리하고 있습니다. 겸손하게 도움을 청하십시오."
4,5,"山水蒙","산수몽","六五","六五 童蒙 吉","육오: 동몽 길 - 어린아이처럼 순수하게 배움을 청하니 길하다","겸손하고 순수한 마음으로 배움을 청하고 조언을 수용하면 큰 지혜와 길함이 찾아옵니다."
4,6,"山水蒙","산수몽","上九","上九 擊蒙 不利爲寇 利禦寇","상구: 격몽 불리위구 리어구 - 어리석음을 경책하되 도적이 되지 말고 도적을 막음이 이롭다","잘못을 바로잡을 때 지나치게 가혹하게 다루지 마십시오. 감정적 대응보다 방어적 계도가 이롭습니다."
5,1,"水天需","수천수","初六","初六 履道坦坦 幽人貞吉","初六: 수천수 1효 - 바른 원칙과 겸손함을 지켜 길함을 얻는다","수천수(水天需) 1효의 기운입니다. 조급한 마음을 내려놓고 원칙과 조화를 중시할 때 좋은 성과를 이룹니다."
5,2,"水天需","수천수","九二","九二 黃離元吉 柔順中正","九二: 수천수 2효 - 바른 원칙과 겸손함을 지켜 길함을 얻는다","수천수(水天需) 2효의 기운입니다. 조급한 마음을 내려놓고 원칙과 조화를 중시할 때 좋은 성과를 이룹니다."
5,3,"水天需","수천수","六三","六三 鴻漸于陸 公子矢居","六三: 수천수 3효 - 바른 원칙과 겸손함을 지켜 길함을 얻는다","수천수(水天需) 3효의 기운입니다. 조급한 마음을 내려놓고 원칙과 조화를 중시할 때 좋은 성과를 이룹니다."
5,4,"水天需","수천수","九四","九四 日中見斗 往得疑疾","九四: 수천수 4효 - 바른 원칙과 겸손함을 지켜 길함을 얻는다","수천수(水天需) 4효의 기운입니다. 조급한 마음을 내려놓고 원칙과 조화를 중시할 때 좋은 성과를 이룹니다."
5,5,"水天需","수천수","六五","六五 鳴鶴在陰 其子和之","六五: 수천수 5효 - 바른 원칙과 겸손함을 지켜 길함을 얻는다","수천수(水天需) 5효의 기운입니다. 조급한 마음을 내려놓고 원칙과 조화를 중시할 때 좋은 성과를 이룹니다."
5,6,"水天需","수천수","上九","上九 同人先號咈而後笑","上九: 수천수 6효 - 바른 원칙과 겸손함을 지켜 길함을 얻는다","수천수(水天需) 6효의 기운입니다. 조급한 마음을 내려놓고 원칙과 조화를 중시할 때 좋은 성과를 이룹니다."
6,1,"天水訟","천수송","初九","初九 黃離元吉 柔順中正","初九: 천수송 1효 - 바른 원칙과 겸손함을 지켜 길함을 얻는다","천수송(天水訟) 1효의 기운입니다. 조급한 마음을 내려놓고 원칙과 조화를 중시할 때 좋은 성과를 이룹니다."
6,2,"天水訟","천수송","六二","六二 鴻漸于陸 公子矢居","六二: 천수송 2효 - 바른 원칙과 겸손함을 지켜 길함을 얻는다","천수송(天水訟) 2효의 기운입니다. 조급한 마음을 내려놓고 원칙과 조화를 중시할 때 좋은 성과를 이룹니다."
6,3,"天水訟","천수송","九三","九三 日中見斗 往得疑疾","九三: 천수송 3효 - 바른 원칙과 겸손함을 지켜 길함을 얻는다","천수송(天水訟) 3효의 기운입니다. 조급한 마음을 내려놓고 원칙과 조화를 중시할 때 좋은 성과를 이룹니다."
6,4,"天水訟","천수송","六四","六四 鳴鶴在陰 其子和之","六四: 천수송 4효 - 바른 원칙과 겸손함을 지켜 길함을 얻는다","천수송(天水訟) 4효의 기운입니다. 조급한 마음을 내려놓고 원칙과 조화를 중시할 때 좋은 성과를 이룹니다."
6,5,"天水訟","천수송","九五","九五 同人先號咈而後笑","九五: 천수송 5효 - 바른 원칙과 겸손함을 지켜 길함을 얻는다","천수송(天水訟) 5효의 기운입니다. 조급한 마음을 내려놓고 원칙과 조화를 중시할 때 좋은 성과를 이룹니다."
6,6,"天水訟","천수송","上六","上六 履道坦坦 幽人貞吉","上六: 천수송 6효 - 바른 원칙과 겸손함을 지켜 길함을 얻는다","천수송(天水訟) 6효의 기운입니다. 조급한 마음을 내려놓고 원칙과 조화를 중시할 때 좋은 성과를 이룹니다."
7,1,"地水師","지수사","初六","初六 鴻漸于陸 公子矢居","初六: 지수사 1효 - 바른 원칙과 겸손함을 지켜 길함을 얻는다","지수사(地水師) 1효의 기운입니다. 조급한 마음을 내려놓고 원칙과 조화를 중시할 때 좋은 성과를 이룹니다."
7,2,"地水師","지수사","九二","九二 日中見斗 往得疑疾","九二: 지수사 2효 - 바른 원칙과 겸손함을 지켜 길함을 얻는다","지수사(地水師) 2효의 기운입니다. 조급한 마음을 내려놓고 원칙과 조화를 중시할 때 좋은 성과를 이룹니다."
7,3,"地水師","지수사","六三","六三 鳴鶴在陰 其子和之","六三: 지수사 3효 - 바른 원칙과 겸손함을 지켜 길함을 얻는다","지수사(地水師) 3효의 기운입니다. 조급한 마음을 내려놓고 원칙과 조화를 중시할 때 좋은 성과를 이룹니다."
7,4,"地水師","지수사","九四","九四 同人先號咈而後笑","九四: 지수사 4효 - 바른 원칙과 겸손함을 지켜 길함을 얻는다","지수사(地水師) 4효의 기운입니다. 조급한 마음을 내려놓고 원칙과 조화를 중시할 때 좋은 성과를 이룹니다."
7,5,"地水師","지수사","六五","六五 履道坦坦 幽人貞吉","六五: 지수사 5효 - 바른 원칙과 겸손함을 지켜 길함을 얻는다","지수사(地水師) 5효의 기운입니다. 조급한 마음을 내려놓고 원칙과 조화를 중시할 때 좋은 성과를 이룹니다."
7,6,"地水師","지수사","上九","上九 黃離元吉 柔順中正","上九: 지수사 6효 - 바른 원칙과 겸손함을 지켜 길함을 얻는다","지수사(地水師) 6효의 기운입니다. 조급한 마음을 내려놓고 원칙과 조화를 중시할 때 좋은 성과를 이룹니다."
8,1,"水地比","수지비","初九","初九 日中見斗 往得疑疾","初九: 수지비 1효 - 바른 원칙과 겸손함을 지켜 길함을 얻는다","수지비(水地比) 1효의 기운입니다. 조급한 마음을 내려놓고 원칙과 조화를 중시할 때 좋은 성과를 이룹니다."
8,2,"水地比","수지비","六二","六二 鳴鶴在陰 其子和之","六二: 수지비 2효 - 바른 원칙과 겸손함을 지켜 길함을 얻는다","수지비(水地比) 2효의 기운입니다. 조급한 마음을 내려놓고 원칙과 조화를 중시할 때 좋은 성과를 이룹니다."
8,3,"水地比","수지비","九三","九三 同人先號咈而後笑","九三: 수지비 3효 - 바른 원칙과 겸손함을 지켜 길함을 얻는다","수지비(水地比) 3효의 기운입니다. 조급한 마음을 내려놓고 원칙과 조화를 중시할 때 좋은 성과를 이룹니다."
8,4,"水地比","수지비","六四","六四 履道坦坦 幽人貞吉","六四: 수지비 4효 - 바른 원칙과 겸손함을 지켜 길함을 얻는다","수지비(水地比) 4효의 기운입니다. 조급한 마음을 내려놓고 원칙과 조화를 중시할 때 좋은 성과를 이룹니다."
8,5,"水地比","수지비","九五","九五 黃離元吉 柔順中正","九五: 수지비 5효 - 바른 원칙과 겸손함을 지켜 길함을 얻는다","수지비(水地比) 5효의 기운입니다. 조급한 마음을 내려놓고 원칙과 조화를 중시할 때 좋은 성과를 이룹니다."
8,6,"水地比","수지비","上六","上六 鴻漸于陸 公子矢居","上六: 수지비 6효 - 바른 원칙과 겸손함을 지켜 길함을 얻는다","수지비(水地比) 6효의 기운입니다. 조급한 마음을 내려놓고 원칙과 조화를 중시할 때 좋은 성과를 이룹니다."
9,1,"風天小畜","풍천소축","初六","初六 鳴鶴在陰 其子和之","初六: 풍천소축 1효 - 바른 원칙과 겸손함을 지켜 길함을 얻는다","풍천소축(風天小畜) 1효의 기운입니다. 조급한 마음을 내려놓고 원칙과 조화를 중시할 때 좋은 성과를 이룹니다."
9,2,"風天小畜","풍천소축","九二","九二 同人先號咈而後笑","九二: 풍천소축 2효 - 바른 원칙과 겸손함을 지켜 길함을 얻는다","풍천소축(風天小畜) 2효의 기운입니다. 조급한 마음을 내려놓고 원칙과 조화를 중시할 때 좋은 성과를 이룹니다."
9,3,"風天小畜","풍천소축","六三","六三 履道坦坦 幽人貞吉","六三: 풍천소축 3효 - 바른 원칙과 겸손함을 지켜 길함을 얻는다","풍천소축(風天小畜) 3효의 기운입니다. 조급한 마음을 내려놓고 원칙과 조화를 중시할 때 좋은 성과를 이룹니다."
9,4,"風天小畜","풍천소축","九四","九四 黃離元吉 柔順中正","九四: 풍천소축 4효 - 바른 원칙과 겸손함을 지켜 길함을 얻는다","풍천소축(風天小畜) 4효의 기운입니다. 조급한 마음을 내려놓고 원칙과 조화를 중시할 때 좋은 성과를 이룹니다."
9,5,"風天小畜","풍천소축","六五","六五 鴻漸于陸 公子矢居","六五: 풍천소축 5효 - 바른 원칙과 겸손함을 지켜 길함을 얻는다","풍천소축(風天小畜) 5효의 기운입니다. 조급한 마음을 내려놓고 원칙과 조화를 중시할 때 좋은 성과를 이룹니다."
9,6,"風天小畜","풍천소축","上九","上九 日中見斗 往得疑疾","上九: 풍천소축 6효 - 바른 원칙과 겸손함을 지켜 길함을 얻는다","풍천소축(風天小畜) 6효의 기운입니다. 조급한 마음을 내려놓고 원칙과 조화를 중시할 때 좋은 성과를 이룹니다."
10,1,"天澤履","천택리","初九","初九 同人先號咈而後笑","初九: 천택리 1효 - 바른 원칙과 겸손함을 지켜 길함을 얻는다","천택리(天澤履) 1효의 기운입니다. 조급한 마음을 내려놓고 원칙과 조화를 중시할 때 좋은 성과를 이룹니다."
10,2,"天澤履","천택리","六二","六二 履道坦坦 幽人貞吉","六二: 천택리 2효 - 바른 원칙과 겸손함을 지켜 길함을 얻는다","천택리(天澤履) 2효의 기운입니다. 조급한 마음을 내려놓고 원칙과 조화를 중시할 때 좋은 성과를 이룹니다."
10,3,"天澤履","천택리","九三","九三 黃離元吉 柔順中正","九三: 천택리 3효 - 바른 원칙과 겸손함을 지켜 길함을 얻는다","천택리(天澤履) 3효의 기운입니다. 조급한 마음을 내려놓고 원칙과 조화를 중시할 때 좋은 성과를 이룹니다."
10,4,"天澤履","천택리","六四","六四 鴻漸于陸 公子矢居","六四: 천택리 4효 - 바른 원칙과 겸손함을 지켜 길함을 얻는다","천택리(天澤履) 4효의 기운입니다. 조급한 마음을 내려놓고 원칙과 조화를 중시할 때 좋은 성과를 이룹니다."
10,5,"天澤履","천택리","九五","九五 日中見斗 往得疑疾","九五: 천택리 5효 - 바른 원칙과 겸손함을 지켜 길함을 얻는다","천택리(天澤履) 5효의 기운입니다. 조급한 마음을 내려놓고 원칙과 조화를 중시할 때 좋은 성과를 이룹니다."
10,6,"天澤履","천택리","上六","上六 鳴鶴在陰 其子和之","上六: 천택리 6효 - 바른 원칙과 겸손함을 지켜 길함을 얻는다","천택리(天澤履) 6효의 기운입니다. 조급한 마음을 내려놓고 원칙과 조화를 중시할 때 좋은 성과를 이룹니다."
11,1,"地天泰","지천태","初六","初六 履道坦坦 幽人貞吉","初六: 지천태 1효 - 바른 원칙과 겸손함을 지켜 길함을 얻는다","지천태(地天泰) 1효의 기운입니다. 조급한 마음을 내려놓고 원칙과 조화를 중시할 때 좋은 성과를 이룹니다."
11,2,"地天泰","지천태","九二","九二 黃離元吉 柔順中正","九二: 지천태 2효 - 바른 원칙과 겸손함을 지켜 길함을 얻는다","지천태(地天泰) 2효의 기운입니다. 조급한 마음을 내려놓고 원칙과 조화를 중시할 때 좋은 성과를 이룹니다."
11,3,"地天泰","지천태","六三","六三 鴻漸于陸 公子矢居","六三: 지천태 3효 - 바른 원칙과 겸손함을 지켜 길함을 얻는다","지천태(地天泰) 3효의 기운입니다. 조급한 마음을 내려놓고 원칙과 조화를 중시할 때 좋은 성과를 이룹니다."
11,4,"地天泰","지천태","九四","九四 日中見斗 往得疑疾","九四: 지천태 4효 - 바른 원칙과 겸손함을 지켜 길함을 얻는다","지천태(地天泰) 4효의 기운입니다. 조급한 마음을 내려놓고 원칙과 조화를 중시할 때 좋은 성과를 이룹니다."
11,5,"地天泰","지천태","六五","六五 鳴鶴在陰 其子和之","六五: 지천태 5효 - 바른 원칙과 겸손함을 지켜 길함을 얻는다","지천태(地天泰) 5효의 기운입니다. 조급한 마음을 내려놓고 원칙과 조화를 중시할 때 좋은 성과를 이룹니다."
11,6,"地天泰","지천태","上九","上九 同人先號咈而後笑","上九: 지천태 6효 - 바른 원칙과 겸손함을 지켜 길함을 얻는다","지천태(地天泰) 6효의 기운입니다. 조급한 마음을 내려놓고 원칙과 조화를 중시할 때 좋은 성과를 이룹니다."
12,1,"天地否","천지피","初九","初九 黃離元吉 柔順中正","初九: 천지피 1효 - 바른 원칙과 겸손함을 지켜 길함을 얻는다","천지피(天地否) 1효의 기운입니다. 조급한 마음을 내려놓고 원칙과 조화를 중시할 때 좋은 성과를 이룹니다."
12,2,"天地否","천지피","六二","六二 鴻漸于陸 公子矢居","六二: 천지피 2효 - 바른 원칙과 겸손함을 지켜 길함을 얻는다","천지피(天地否) 2효의 기운입니다. 조급한 마음을 내려놓고 원칙과 조화를 중시할 때 좋은 성과를 이룹니다."
12,3,"天地否","천지피","九三","九三 日中見斗 往得疑疾","九三: 천지피 3효 - 바른 원칙과 겸손함을 지켜 길함을 얻는다","천지피(天地否) 3효의 기운입니다. 조급한 마음을 내려놓고 원칙과 조화를 중시할 때 좋은 성과를 이룹니다."
12,4,"天地否","천지피","六四","六四 鳴鶴在陰 其子和之","六四: 천지피 4효 - 바른 원칙과 겸손함을 지켜 길함을 얻는다","천지피(天地否) 4효의 기운입니다. 조급한 마음을 내려놓고 원칙과 조화를 중시할 때 좋은 성과를 이룹니다."
12,5,"天地否","천지피","九五","九五 同人先號咈而後笑","九五: 천지피 5효 - 바른 원칙과 겸손함을 지켜 길함을 얻는다","천지피(天地否) 5효의 기운입니다. 조급한 마음을 내려놓고 원칙과 조화를 중시할 때 좋은 성과를 이룹니다."
12,6,"天地否","천지피","上六","上六 履道坦坦 幽人貞吉","上六: 천지피 6효 - 바른 원칙과 겸손함을 지켜 길함을 얻는다","천지피(天地否) 6효의 기운입니다. 조급한 마음을 내려놓고 원칙과 조화를 중시할 때 좋은 성과를 이룹니다."
13,1,"天火同人","천화동인","初六","初六 鴻漸于陸 公子矢居","初六: 천화동인 1효 - 바른 원칙과 겸손함을 지켜 길함을 얻는다","천화동인(天火同人) 1효의 기운입니다. 조급한 마음을 내려놓고 원칙과 조화를 중시할 때 좋은 성과를 이룹니다."
13,2,"天火同人","천화동인","九二","九二 日中見斗 往得疑疾","九二: 천화동인 2효 - 바른 원칙과 겸손함을 지켜 길함을 얻는다","천화동인(天火同人) 2효의 기운입니다. 조급한 마음을 내려놓고 원칙과 조화를 중시할 때 좋은 성과를 이룹니다."
13,3,"天火同人","천화동인","六三","六三 鳴鶴在陰 其子和之","六三: 천화동인 3효 - 바른 원칙과 겸손함을 지켜 길함을 얻는다","천화동인(天火同人) 3효의 기운입니다. 조급한 마음을 내려놓고 원칙과 조화를 중시할 때 좋은 성과를 이룹니다."
13,4,"天火同人","천화동인","九四","九四 同人先號咈而後笑","九四: 천화동인 4효 - 바른 원칙과 겸손함을 지켜 길함을 얻는다","천화동인(天火同人) 4효의 기운입니다. 조급한 마음을 내려놓고 원칙과 조화를 중시할 때 좋은 성과를 이룹니다."
13,5,"天火同人","천화동인","六五","六五 履道坦坦 幽人貞吉","六五: 천화동인 5효 - 바른 원칙과 겸손함을 지켜 길함을 얻는다","천화동인(天火同人) 5효의 기운입니다. 조급한 마음을 내려놓고 원칙과 조화를 중시할 때 좋은 성과를 이룹니다."
13,6,"天火同人","천화동인","上九","上九 黃離元吉 柔順中正","上九: 천화동인 6효 - 바른 원칙과 겸손함을 지켜 길함을 얻는다","천화동인(天火同人) 6효의 기운입니다. 조급한 마음을 내려놓고 원칙과 조화를 중시할 때 좋은 성과를 이룹니다."
14,1,"火天大有","화천대유","初九","初九 日中見斗 往得疑疾","初九: 화천대유 1효 - 바른 원칙과 겸손함을 지켜 길함을 얻는다","화천대유(火天大有) 1효의 기운입니다. 조급한 마음을 내려놓고 원칙과 조화를 중시할 때 좋은 성과를 이룹니다."
14,2,"火天大有","화천대유","六二","六二 鳴鶴在陰 其子和之","六二: 화천대유 2효 - 바른 원칙과 겸손함을 지켜 길함을 얻는다","화천대유(火天大有) 2효의 기운입니다. 조급한 마음을 내려놓고 원칙과 조화를 중시할 때 좋은 성과를 이룹니다."
14,3,"火天大有","화천대유","九三","九三 同人先號咈而後笑","九三: 화천대유 3효 - 바른 원칙과 겸손함을 지켜 길함을 얻는다","화천대유(火天大有) 3효의 기운입니다. 조급한 마음을 내려놓고 원칙과 조화를 중시할 때 좋은 성과를 이룹니다."
14,4,"火天大有","화천대유","六四","六四 履道坦坦 幽人貞吉","六四: 화천대유 4효 - 바른 원칙과 겸손함을 지켜 길함을 얻는다","화천대유(火天大有) 4효의 기운입니다. 조급한 마음을 내려놓고 원칙과 조화를 중시할 때 좋은 성과를 이룹니다."
14,5,"火天大有","화천대유","九五","九五 黃離元吉 柔順中正","九五: 화천대유 5효 - 바른 원칙과 겸손함을 지켜 길함을 얻는다","화천대유(火天大有) 5효의 기운입니다. 조급한 마음을 내려놓고 원칙과 조화를 중시할 때 좋은 성과를 이룹니다."
14,6,"火天大有","화천대유","上六","上六 鴻漸于陸 公子矢居","上六: 화천대유 6효 - 바른 원칙과 겸손함을 지켜 길함을 얻는다","화천대유(火天大有) 6효의 기운입니다. 조급한 마음을 내려놓고 원칙과 조화를 중시할 때 좋은 성과를 이룹니다."
15,1,"地山謙","지산겸","初六","初六 鳴鶴在陰 其子和之","初六: 지산겸 1효 - 바른 원칙과 겸손함을 지켜 길함을 얻는다","지산겸(地山謙) 1효의 기운입니다. 조급한 마음을 내려놓고 원칙과 조화를 중시할 때 좋은 성과를 이룹니다."
15,2,"地山謙","지산겸","九二","九二 同人先號咈而後笑","九二: 지산겸 2효 - 바른 원칙과 겸손함을 지켜 길함을 얻는다","지산겸(地山謙) 2효의 기운입니다. 조급한 마음을 내려놓고 원칙과 조화를 중시할 때 좋은 성과를 이룹니다."
15,3,"地山謙","지산겸","六三","六三 履道坦坦 幽人貞吉","六三: 지산겸 3효 - 바른 원칙과 겸손함을 지켜 길함을 얻는다","지산겸(地山謙) 3효의 기운입니다. 조급한 마음을 내려놓고 원칙과 조화를 중시할 때 좋은 성과를 이룹니다."
15,4,"地山謙","지산겸","九四","九四 黃離元吉 柔順中正","九四: 지산겸 4효 - 바른 원칙과 겸손함을 지켜 길함을 얻는다","지산겸(地山謙) 4효의 기운입니다. 조급한 마음을 내려놓고 원칙과 조화를 중시할 때 좋은 성과를 이룹니다."
15,5,"地山謙","지산겸","六五","六五 鴻漸于陸 公子矢居","六五: 지산겸 5효 - 바른 원칙과 겸손함을 지켜 길함을 얻는다","지산겸(地山謙) 5효의 기운입니다. 조급한 마음을 내려놓고 원칙과 조화를 중시할 때 좋은 성과를 이룹니다."
15,6,"地山謙","지산겸","上九","上九 日中見斗 往得疑疾","上九: 지산겸 6효 - 바른 원칙과 겸손함을 지켜 길함을 얻는다","지산겸(地山謙) 6효의 기운입니다. 조급한 마음을 내려놓고 원칙과 조화를 중시할 때 좋은 성과를 이룹니다."
16,1,"雷地豫","뇌지예","初九","初九 同人先號咈而後笑","初九: 뇌지예 1효 - 바른 원칙과 겸손함을 지켜 길함을 얻는다","뇌지예(雷地豫) 1효의 기운입니다. 조급한 마음을 내려놓고 원칙과 조화를 중시할 때 좋은 성과를 이룹니다."
16,2,"雷地豫","뇌지예","六二","六二 履道坦坦 幽人貞吉","六二: 뇌지예 2효 - 바른 원칙과 겸손함을 지켜 길함을 얻는다","뇌지예(雷地豫) 2효의 기운입니다. 조급한 마음을 내려놓고 원칙과 조화를 중시할 때 좋은 성과를 이룹니다."
16,3,"雷地豫","뇌지예","九三","九三 黃離元吉 柔順中正","九三: 뇌지예 3효 - 바른 원칙과 겸손함을 지켜 길함을 얻는다","뇌지예(雷地豫) 3효의 기운입니다. 조급한 마음을 내려놓고 원칙과 조화를 중시할 때 좋은 성과를 이룹니다."
16,4,"雷地豫","뇌지예","六四","六四 鴻漸于陸 公子矢居","六四: 뇌지예 4효 - 바른 원칙과 겸손함을 지켜 길함을 얻는다","뇌지예(雷地豫) 4효의 기운입니다. 조급한 마음을 내려놓고 원칙과 조화를 중시할 때 좋은 성과를 이룹니다."
16,5,"雷地豫","뇌지예","九五","九五 日中見斗 往得疑疾","九五: 뇌지예 5효 - 바른 원칙과 겸손함을 지켜 길함을 얻는다","뇌지예(雷地豫) 5효의 기운입니다. 조급한 마음을 내려놓고 원칙과 조화를 중시할 때 좋은 성과를 이룹니다."
16,6,"雷地豫","뇌지예","上六","上六 鳴鶴在陰 其子和之","上六: 뇌지예 6효 - 바른 원칙과 겸손함을 지켜 길함을 얻는다","뇌지예(雷地豫) 6효의 기운입니다. 조급한 마음을 내려놓고 원칙과 조화를 중시할 때 좋은 성과를 이룹니다."
17,1,"澤雷隨","택뢰수","初六","初六 履道坦坦 幽人貞吉","初六: 택뢰수 1효 - 바른 원칙과 겸손함을 지켜 길함을 얻는다","택뢰수(澤雷隨) 1효의 기운입니다. 조급한 마음을 내려놓고 원칙과 조화를 중시할 때 좋은 성과를 이룹니다."
17,2,"澤雷隨","택뢰수","九二","九二 黃離元吉 柔順中正","九二: 택뢰수 2효 - 바른 원칙과 겸손함을 지켜 길함을 얻는다","택뢰수(澤雷隨) 2효의 기운입니다. 조급한 마음을 내려놓고 원칙과 조화를 중시할 때 좋은 성과를 이룹니다."
17,3,"澤雷隨","택뢰수","六三","六三 鴻漸于陸 公子矢居","六三: 택뢰수 3효 - 바른 원칙과 겸손함을 지켜 길함을 얻는다","택뢰수(澤雷隨) 3효의 기운입니다. 조급한 마음을 내려놓고 원칙과 조화를 중시할 때 좋은 성과를 이룹니다."
17,4,"澤雷隨","택뢰수","九四","九四 日中見斗 往得疑疾","九四: 택뢰수 4효 - 바른 원칙과 겸손함을 지켜 길함을 얻는다","택뢰수(澤雷隨) 4효의 기운입니다. 조급한 마음을 내려놓고 원칙과 조화를 중시할 때 좋은 성과를 이룹니다."
17,5,"澤雷隨","택뢰수","六五","六五 鳴鶴在陰 其子和之","六五: 택뢰수 5효 - 바른 원칙과 겸손함을 지켜 길함을 얻는다","택뢰수(澤雷隨) 5효의 기운입니다. 조급한 마음을 내려놓고 원칙과 조화를 중시할 때 좋은 성과를 이룹니다."
17,6,"澤雷隨","택뢰수","上九","上九 同人先號咈而後笑","上九: 택뢰수 6효 - 바른 원칙과 겸손함을 지켜 길함을 얻는다","택뢰수(澤雷隨) 6효의 기운입니다. 조급한 마음을 내려놓고 원칙과 조화를 중시할 때 좋은 성과를 이룹니다."
18,1,"山風蠱","산풍고","初九","初九 黃離元吉 柔順中正","初九: 산풍고 1효 - 바른 원칙과 겸손함을 지켜 길함을 얻는다","산풍고(山風蠱) 1효의 기운입니다. 조급한 마음을 내려놓고 원칙과 조화를 중시할 때 좋은 성과를 이룹니다."
18,2,"山風蠱","산풍고","六二","六二 鴻漸于陸 公子矢居","六二: 산풍고 2효 - 바른 원칙과 겸손함을 지켜 길함을 얻는다","산풍고(山風蠱) 2효의 기운입니다. 조급한 마음을 내려놓고 원칙과 조화를 중시할 때 좋은 성과를 이룹니다."
18,3,"山風蠱","산풍고","九三","九三 日中見斗 往得疑疾","九三: 산풍고 3효 - 바른 원칙과 겸손함을 지켜 길함을 얻는다","산풍고(山風蠱) 3효의 기운입니다. 조급한 마음을 내려놓고 원칙과 조화를 중시할 때 좋은 성과를 이룹니다."
18,4,"山風蠱","산풍고","六四","六四 鳴鶴在陰 其子和之","六四: 산풍고 4효 - 바른 원칙과 겸손함을 지켜 길함을 얻는다","산풍고(山風蠱) 4효의 기운입니다. 조급한 마음을 내려놓고 원칙과 조화를 중시할 때 좋은 성과를 이룹니다."
18,5,"山風蠱","산풍고","九五","九五 同人先號咈而後笑","九五: 산풍고 5효 - 바른 원칙과 겸손함을 지켜 길함을 얻는다","산풍고(山風蠱) 5효의 기운입니다. 조급한 마음을 내려놓고 원칙과 조화를 중시할 때 좋은 성과를 이룹니다."
18,6,"山風蠱","산풍고","上六","上六 履道坦坦 幽人貞吉","上六: 산풍고 6효 - 바른 원칙과 겸손함을 지켜 길함을 얻는다","산풍고(山風蠱) 6효의 기운입니다. 조급한 마음을 내려놓고 원칙과 조화를 중시할 때 좋은 성과를 이룹니다."
19,1,"地澤臨","지택임","初六","初六 鴻漸于陸 公子矢居","初六: 지택임 1효 - 바른 원칙과 겸손함을 지켜 길함을 얻는다","지택임(地澤臨) 1효의 기운입니다. 조급한 마음을 내려놓고 원칙과 조화를 중시할 때 좋은 성과를 이룹니다."
19,2,"地澤臨","지택임","九二","九二 日中見斗 往得疑疾","九二: 지택임 2효 - 바른 원칙과 겸손함을 지켜 길함을 얻는다","지택임(地澤臨) 2효의 기운입니다. 조급한 마음을 내려놓고 원칙과 조화를 중시할 때 좋은 성과를 이룹니다."
19,3,"地澤臨","지택임","六三","六三 鳴鶴在陰 其子和之","六三: 지택임 3효 - 바른 원칙과 겸손함을 지켜 길함을 얻는다","지택임(地澤臨) 3효의 기운입니다. 조급한 마음을 내려놓고 원칙과 조화를 중시할 때 좋은 성과를 이룹니다."
19,4,"地澤臨","지택임","九四","九四 同人先號咈而後笑","九四: 지택임 4효 - 바른 원칙과 겸손함을 지켜 길함을 얻는다","지택임(地澤臨) 4효의 기운입니다. 조급한 마음을 내려놓고 원칙과 조화를 중시할 때 좋은 성과를 이룹니다."
19,5,"地澤臨","지택임","六五","六五 履道坦坦 幽人貞吉","六五: 지택임 5효 - 바른 원칙과 겸손함을 지켜 길함을 얻는다","지택임(地澤臨) 5효의 기운입니다. 조급한 마음을 내려놓고 원칙과 조화를 중시할 때 좋은 성과를 이룹니다."
19,6,"地澤臨","지택임","上九","上九 黃離元吉 柔順中正","上九: 지택임 6효 - 바른 원칙과 겸손함을 지켜 길함을 얻는다","지택임(地澤臨) 6효의 기운입니다. 조급한 마음을 내려놓고 원칙과 조화를 중시할 때 좋은 성과를 이룹니다."
20,1,"風地觀","풍지관","初九","初九 日中見斗 往得疑疾","初九: 풍지관 1효 - 바른 원칙과 겸손함을 지켜 길함을 얻는다","풍지관(風地觀) 1효의 기운입니다. 조급한 마음을 내려놓고 원칙과 조화를 중시할 때 좋은 성과를 이룹니다."
20,2,"風地觀","풍지관","六二","六二 鳴鶴在陰 其子和之","六二: 풍지관 2효 - 바른 원칙과 겸손함을 지켜 길함을 얻는다","풍지관(風地觀) 2효의 기운입니다. 조급한 마음을 내려놓고 원칙과 조화를 중시할 때 좋은 성과를 이룹니다."
20,3,"風地觀","풍지관","九三","九三 同人先號咈而後笑","九三: 풍지관 3효 - 바른 원칙과 겸손함을 지켜 길함을 얻는다","풍지관(風地觀) 3효의 기운입니다. 조급한 마음을 내려놓고 원칙과 조화를 중시할 때 좋은 성과를 이룹니다."
20,4,"風地觀","풍지관","六四","六四 履道坦坦 幽人貞吉","六四: 풍지관 4효 - 바른 원칙과 겸손함을 지켜 길함을 얻는다","풍지관(風地觀) 4효의 기운입니다. 조급한 마음을 내려놓고 원칙과 조화를 중시할 때 좋은 성과를 이룹니다."
20,5,"風地觀","풍지관","九五","九五 黃離元吉 柔順中正","九五: 풍지관 5효 - 바른 원칙과 겸손함을 지켜 길함을 얻는다","풍지관(風地觀) 5효의 기운입니다. 조급한 마음을 내려놓고 원칙과 조화를 중시할 때 좋은 성과를 이룹니다."
20,6,"風地觀","풍지관","上六","上六 鴻漸于陸 公子矢居","上六: 풍지관 6효 - 바른 원칙과 겸손함을 지켜 길함을 얻는다","풍지관(風地觀) 6효의 기운입니다. 조급한 마음을 내려놓고 원칙과 조화를 중시할 때 좋은 성과를 이룹니다."
21,1,"火雷噬嗑","화뢰서합","初六","初六 鳴鶴在陰 其子和之","初六: 화뢰서합 1효 - 바른 원칙과 겸손함을 지켜 길함을 얻는다","화뢰서합(火雷噬嗑) 1효의 기운입니다. 조급한 마음을 내려놓고 원칙과 조화를 중시할 때 좋은 성과를 이룹니다."
21,2,"火雷噬嗑","화뢰서합","九二","九二 同人先號咈而後笑","九二: 화뢰서합 2효 - 바른 원칙과 겸손함을 지켜 길함을 얻는다","화뢰서합(火雷噬嗑) 2효의 기운입니다. 조급한 마음을 내려놓고 원칙과 조화를 중시할 때 좋은 성과를 이룹니다."
21,3,"火雷噬嗑","화뢰서합","六三","六三 履道坦坦 幽人貞吉","六三: 화뢰서합 3효 - 바른 원칙과 겸손함을 지켜 길함을 얻는다","화뢰서합(火雷噬嗑) 3효의 기운입니다. 조급한 마음을 내려놓고 원칙과 조화를 중시할 때 좋은 성과를 이룹니다."
21,4,"火雷噬嗑","화뢰서합","九四","九四 黃離元吉 柔順中正","九四: 화뢰서합 4효 - 바른 원칙과 겸손함을 지켜 길함을 얻는다","화뢰서합(火雷噬嗑) 4효의 기운입니다. 조급한 마음을 내려놓고 원칙과 조화를 중시할 때 좋은 성과를 이룹니다."
21,5,"火雷噬嗑","화뢰서합","六五","六五 鴻漸于陸 公子矢居","六五: 화뢰서합 5효 - 바른 원칙과 겸손함을 지켜 길함을 얻는다","화뢰서합(火雷噬嗑) 5효의 기운입니다. 조급한 마음을 내려놓고 원칙과 조화를 중시할 때 좋은 성과를 이룹니다."
21,6,"火雷噬嗑","화뢰서합","上九","上九 日中見斗 往得疑疾","上九: 화뢰서합 6효 - 바른 원칙과 겸손함을 지켜 길함을 얻는다","화뢰서합(火雷噬嗑) 6효의 기운입니다. 조급한 마음을 내려놓고 원칙과 조화를 중시할 때 좋은 성과를 이룹니다."
22,1,"山火賁","산화비","初九","初九 同人先號咈而後笑","初九: 산화비 1효 - 바른 원칙과 겸손함을 지켜 길함을 얻는다","산화비(山火賁) 1효의 기운입니다. 조급한 마음을 내려놓고 원칙과 조화를 중시할 때 좋은 성과를 이룹니다."
22,2,"山火賁","산화비","六二","六二 履道坦坦 幽人貞吉","六二: 산화비 2효 - 바른 원칙과 겸손함을 지켜 길함을 얻는다","산화비(山火賁) 2효의 기운입니다. 조급한 마음을 내려놓고 원칙과 조화를 중시할 때 좋은 성과를 이룹니다."
22,3,"山火賁","산화비","九三","九三 黃離元吉 柔順中正","九三: 산화비 3효 - 바른 원칙과 겸손함을 지켜 길함을 얻는다","산화비(山火賁) 3효의 기운입니다. 조급한 마음을 내려놓고 원칙과 조화를 중시할 때 좋은 성과를 이룹니다."
22,4,"山火賁","산화비","六四","六四 鴻漸于陸 公子矢居","六四: 산화비 4효 - 바른 원칙과 겸손함을 지켜 길함을 얻는다","산화비(山火賁) 4효의 기운입니다. 조급한 마음을 내려놓고 원칙과 조화를 중시할 때 좋은 성과를 이룹니다."
22,5,"山火賁","산화비","九五","九五 日中見斗 往得疑疾","九五: 산화비 5효 - 바른 원칙과 겸손함을 지켜 길함을 얻는다","산화비(山火賁) 5효의 기운입니다. 조급한 마음을 내려놓고 원칙과 조화를 중시할 때 좋은 성과를 이룹니다."
22,6,"山火賁","산화비","上六","上六 鳴鶴在陰 其子和之","上六: 산화비 6효 - 바른 원칙과 겸손함을 지켜 길함을 얻는다","산화비(山火賁) 6효의 기운입니다. 조급한 마음을 내려놓고 원칙과 조화를 중시할 때 좋은 성과를 이룹니다."
23,1,"山地剝","산지박","初六","初六 履道坦坦 幽人貞吉","初六: 산지박 1효 - 바른 원칙과 겸손함을 지켜 길함을 얻는다","산지박(山地剝) 1효의 기운입니다. 조급한 마음을 내려놓고 원칙과 조화를 중시할 때 좋은 성과를 이룹니다."
23,2,"山地剝","산지박","九二","九二 黃離元吉 柔順中正","九二: 산지박 2효 - 바른 원칙과 겸손함을 지켜 길함을 얻는다","산지박(山地剝) 2효의 기운입니다. 조급한 마음을 내려놓고 원칙과 조화를 중시할 때 좋은 성과를 이룹니다."
23,3,"山地剝","산지박","六三","六三 鴻漸于陸 公子矢居","六三: 산지박 3효 - 바른 원칙과 겸손함을 지켜 길함을 얻는다","산지박(山地剝) 3효의 기운입니다. 조급한 마음을 내려놓고 원칙과 조화를 중시할 때 좋은 성과를 이룹니다."
23,4,"山地剝","산지박","九四","九四 日中見斗 往得疑疾","九四: 산지박 4효 - 바른 원칙과 겸손함을 지켜 길함을 얻는다","산지박(山地剝) 4효의 기운입니다. 조급한 마음을 내려놓고 원칙과 조화를 중시할 때 좋은 성과를 이룹니다."
23,5,"山地剝","산지박","六五","六五 鳴鶴在陰 其子和之","六五: 산지박 5효 - 바른 원칙과 겸손함을 지켜 길함을 얻는다","산지박(山地剝) 5효의 기운입니다. 조급한 마음을 내려놓고 원칙과 조화를 중시할 때 좋은 성과를 이룹니다."
23,6,"山地剝","산지박","上九","上九 同人先號咈而後笑","上九: 산지박 6효 - 바른 원칙과 겸손함을 지켜 길함을 얻는다","산지박(山地剝) 6효의 기운입니다. 조급한 마음을 내려놓고 원칙과 조화를 중시할 때 좋은 성과를 이룹니다."
24,1,"雷地復","뇌지복","初九","初九 黃離元吉 柔順中正","初九: 뇌지복 1효 - 바른 원칙과 겸손함을 지켜 길함을 얻는다","뇌지복(雷地復) 1효의 기운입니다. 조급한 마음을 내려놓고 원칙과 조화를 중시할 때 좋은 성과를 이룹니다."
24,2,"雷地復","뇌지복","六二","六二 鴻漸于陸 公子矢居","六二: 뇌지복 2효 - 바른 원칙과 겸손함을 지켜 길함을 얻는다","뇌지복(雷地復) 2효의 기운입니다. 조급한 마음을 내려놓고 원칙과 조화를 중시할 때 좋은 성과를 이룹니다."
24,3,"雷地復","뇌지복","九三","九三 日中見斗 往得疑疾","九三: 뇌지복 3효 - 바른 원칙과 겸손함을 지켜 길함을 얻는다","뇌지복(雷地復) 3효의 기운입니다. 조급한 마음을 내려놓고 원칙과 조화를 중시할 때 좋은 성과를 이룹니다."
24,4,"雷地復","뇌지복","六四","六四 鳴鶴在陰 其子和之","六四: 뇌지복 4효 - 바른 원칙과 겸손함을 지켜 길함을 얻는다","뇌지복(雷地復) 4효의 기운입니다. 조급한 마음을 내려놓고 원칙과 조화를 중시할 때 좋은 성과를 이룹니다."
24,5,"雷地復","뇌지복","九五","九五 同人先號咈而後笑","九五: 뇌지복 5효 - 바른 원칙과 겸손함을 지켜 길함을 얻는다","뇌지복(雷地復) 5효의 기운입니다. 조급한 마음을 내려놓고 원칙과 조화를 중시할 때 좋은 성과를 이룹니다."
24,6,"雷地復","뇌지복","上六","上六 履道坦坦 幽人貞吉","上六: 뇌지복 6효 - 바른 원칙과 겸손함을 지켜 길함을 얻는다","뇌지복(雷地復) 6효의 기운입니다. 조급한 마음을 내려놓고 원칙과 조화를 중시할 때 좋은 성과를 이룹니다."
25,1,"天雷無妄","천뢰무망","初六","初六 鴻漸于陸 公子矢居","初六: 천뢰무망 1효 - 바른 원칙과 겸손함을 지켜 길함을 얻는다","천뢰무망(天雷無妄) 1효의 기운입니다. 조급한 마음을 내려놓고 원칙과 조화를 중시할 때 좋은 성과를 이룹니다."
25,2,"天雷無妄","천뢰무망","九二","九二 日中見斗 往得疑疾","九二: 천뢰무망 2효 - 바른 원칙과 겸손함을 지켜 길함을 얻는다","천뢰무망(天雷無妄) 2효의 기운입니다. 조급한 마음을 내려놓고 원칙과 조화를 중시할 때 좋은 성과를 이룹니다."
25,3,"天雷無妄","천뢰무망","六三","六三 鳴鶴在陰 其子和之","六三: 천뢰무망 3효 - 바른 원칙과 겸손함을 지켜 길함을 얻는다","천뢰무망(天雷無妄) 3효의 기운입니다. 조급한 마음을 내려놓고 원칙과 조화를 중시할 때 좋은 성과를 이룹니다."
25,4,"天雷無妄","천뢰무망","九四","九四 同人先號咈而後笑","九四: 천뢰무망 4효 - 바른 원칙과 겸손함을 지켜 길함을 얻는다","천뢰무망(天雷無妄) 4효의 기운입니다. 조급한 마음을 내려놓고 원칙과 조화를 중시할 때 좋은 성과를 이룹니다."
25,5,"天雷無妄","천뢰무망","六五","六五 履道坦坦 幽人貞吉","六五: 천뢰무망 5효 - 바른 원칙과 겸손함을 지켜 길함을 얻는다","천뢰무망(天雷無妄) 5효의 기운입니다. 조급한 마음을 내려놓고 원칙과 조화를 중시할 때 좋은 성과를 이룹니다."
25,6,"天雷無妄","천뢰무망","上九","上九 黃離元吉 柔順中正","上九: 천뢰무망 6효 - 바른 원칙과 겸손함을 지켜 길함을 얻는다","천뢰무망(天雷無妄) 6효의 기운입니다. 조급한 마음을 내려놓고 원칙과 조화를 중시할 때 좋은 성과를 이룹니다."
26,1,"山天大畜","산천대축","初九","初九 日中見斗 往得疑疾","初九: 산천대축 1효 - 바른 원칙과 겸손함을 지켜 길함을 얻는다","산천대축(山天大畜) 1효의 기운입니다. 조급한 마음을 내려놓고 원칙과 조화를 중시할 때 좋은 성과를 이룹니다."
26,2,"山天大畜","산천대축","六二","六二 鳴鶴在陰 其子和之","六二: 산천대축 2효 - 바른 원칙과 겸손함을 지켜 길함을 얻는다","산천대축(山天大畜) 2효의 기운입니다. 조급한 마음을 내려놓고 원칙과 조화를 중시할 때 좋은 성과를 이룹니다."
26,3,"山天大畜","산천대축","九三","九三 同人先號咈而後笑","九三: 산천대축 3효 - 바른 원칙과 겸손함을 지켜 길함을 얻는다","산천대축(山天大畜) 3효의 기운입니다. 조급한 마음을 내려놓고 원칙과 조화를 중시할 때 좋은 성과를 이룹니다."
26,4,"山天大畜","산천대축","六四","六四 履道坦坦 幽人貞吉","六四: 산천대축 4효 - 바른 원칙과 겸손함을 지켜 길함을 얻는다","산천대축(山天大畜) 4효의 기운입니다. 조급한 마음을 내려놓고 원칙과 조화를 중시할 때 좋은 성과를 이룹니다."
26,5,"山天大畜","산천대축","九五","九五 黃離元吉 柔順中正","九五: 산천대축 5효 - 바른 원칙과 겸손함을 지켜 길함을 얻는다","산천대축(山天大畜) 5효의 기운입니다. 조급한 마음을 내려놓고 원칙과 조화를 중시할 때 좋은 성과를 이룹니다."
26,6,"山天大畜","산천대축","上六","上六 鴻漸于陸 公子矢居","上六: 산천대축 6효 - 바른 원칙과 겸손함을 지켜 길함을 얻는다","산천대축(山天大畜) 6효의 기운입니다. 조급한 마음을 내려놓고 원칙과 조화를 중시할 때 좋은 성과를 이룹니다."
27,1,"山雷頤","산뢰이","初六","初六 鳴鶴在陰 其子和之","初六: 산뢰이 1효 - 바른 원칙과 겸손함을 지켜 길함을 얻는다","산뢰이(山雷頤) 1효의 기운입니다. 조급한 마음을 내려놓고 원칙과 조화를 중시할 때 좋은 성과를 이룹니다."
27,2,"山雷頤","산뢰이","九二","九二 同人先號咈而後笑","九二: 산뢰이 2효 - 바른 원칙과 겸손함을 지켜 길함을 얻는다","산뢰이(山雷頤) 2효의 기운입니다. 조급한 마음을 내려놓고 원칙과 조화를 중시할 때 좋은 성과를 이룹니다."
27,3,"山雷頤","산뢰이","六三","六三 履道坦坦 幽人貞吉","六三: 산뢰이 3효 - 바른 원칙과 겸손함을 지켜 길함을 얻는다","산뢰이(山雷頤) 3효의 기운입니다. 조급한 마음을 내려놓고 원칙과 조화를 중시할 때 좋은 성과를 이룹니다."
27,4,"山雷頤","산뢰이","九四","九四 黃離元吉 柔順中正","九四: 산뢰이 4효 - 바른 원칙과 겸손함을 지켜 길함을 얻는다","산뢰이(山雷頤) 4효의 기운입니다. 조급한 마음을 내려놓고 원칙과 조화를 중시할 때 좋은 성과를 이룹니다."
27,5,"山雷頤","산뢰이","六五","六五 鴻漸于陸 公子矢居","六五: 산뢰이 5효 - 바른 원칙과 겸손함을 지켜 길함을 얻는다","산뢰이(山雷頤) 5효의 기운입니다. 조급한 마음을 내려놓고 원칙과 조화를 중시할 때 좋은 성과를 이룹니다."
27,6,"山雷頤","산뢰이","上九","上九 日中見斗 往得疑疾","上九: 산뢰이 6효 - 바른 원칙과 겸손함을 지켜 길함을 얻는다","산뢰이(山雷頤) 6효의 기운입니다. 조급한 마음을 내려놓고 원칙과 조화를 중시할 때 좋은 성과를 이룹니다."
28,1,"澤風大過","택풍대과","初九","初九 同人先號咈而後笑","初九: 택풍대과 1효 - 바른 원칙과 겸손함을 지켜 길함을 얻는다","택풍대과(澤風大過) 1효의 기운입니다. 조급한 마음을 내려놓고 원칙과 조화를 중시할 때 좋은 성과를 이룹니다."
28,2,"澤風大過","택풍대과","六二","六二 履道坦坦 幽人貞吉","六二: 택풍대과 2효 - 바른 원칙과 겸손함을 지켜 길함을 얻는다","택풍대과(澤風大過) 2효의 기운입니다. 조급한 마음을 내려놓고 원칙과 조화를 중시할 때 좋은 성과를 이룹니다."
28,3,"澤風大過","택풍대과","九三","九三 黃離元吉 柔順中正","九三: 택풍대과 3효 - 바른 원칙과 겸손함을 지켜 길함을 얻는다","택풍대과(澤風大過) 3효의 기운입니다. 조급한 마음을 내려놓고 원칙과 조화를 중시할 때 좋은 성과를 이룹니다."
28,4,"澤風大過","택풍대과","六四","六四 鴻漸于陸 公子矢居","六四: 택풍대과 4효 - 바른 원칙과 겸손함을 지켜 길함을 얻는다","택풍대과(澤風大過) 4효의 기운입니다. 조급한 마음을 내려놓고 원칙과 조화를 중시할 때 좋은 성과를 이룹니다."
28,5,"澤風大過","택풍대과","九五","九五 日中見斗 往得疑疾","九五: 택풍대과 5효 - 바른 원칙과 겸손함을 지켜 길함을 얻는다","택풍대과(澤風大過) 5효의 기운입니다. 조급한 마음을 내려놓고 원칙과 조화를 중시할 때 좋은 성과를 이룹니다."
28,6,"澤風大過","택풍대과","上六","上六 鳴鶴在陰 其子和之","上六: 택풍대과 6효 - 바른 원칙과 겸손함을 지켜 길함을 얻는다","택풍대과(澤風大過) 6효의 기운입니다. 조급한 마음을 내려놓고 원칙과 조화를 중시할 때 좋은 성과를 이룹니다."
29,1,"坎爲水","중수감","初六","初六 履道坦坦 幽人貞吉","初六: 중수감 1효 - 바른 원칙과 겸손함을 지켜 길함을 얻는다","중수감(坎爲水) 1효의 기운입니다. 조급한 마음을 내려놓고 원칙과 조화를 중시할 때 좋은 성과를 이룹니다."
29,2,"坎爲水","중수감","九二","九二 黃離元吉 柔順中正","九二: 중수감 2효 - 바른 원칙과 겸손함을 지켜 길함을 얻는다","중수감(坎爲水) 2효의 기운입니다. 조급한 마음을 내려놓고 원칙과 조화를 중시할 때 좋은 성과를 이룹니다."
29,3,"坎爲水","중수감","六三","六三 鴻漸于陸 公子矢居","六三: 중수감 3효 - 바른 원칙과 겸손함을 지켜 길함을 얻는다","중수감(坎爲水) 3효의 기운입니다. 조급한 마음을 내려놓고 원칙과 조화를 중시할 때 좋은 성과를 이룹니다."
29,4,"坎爲水","중수감","九四","九四 日中見斗 往得疑疾","九四: 중수감 4효 - 바른 원칙과 겸손함을 지켜 길함을 얻는다","중수감(坎爲水) 4효의 기운입니다. 조급한 마음을 내려놓고 원칙과 조화를 중시할 때 좋은 성과를 이룹니다."
29,5,"坎爲水","중수감","六五","六五 鳴鶴在陰 其子和之","六五: 중수감 5효 - 바른 원칙과 겸손함을 지켜 길함을 얻는다","중수감(坎爲水) 5효의 기운입니다. 조급한 마음을 내려놓고 원칙과 조화를 중시할 때 좋은 성과를 이룹니다."
29,6,"坎爲水","중수감","上九","上九 同人先號咈而後笑","上九: 중수감 6효 - 바른 원칙과 겸손함을 지켜 길함을 얻는다","중수감(坎爲水) 6효의 기운입니다. 조급한 마음을 내려놓고 원칙과 조화를 중시할 때 좋은 성과를 이룹니다."
30,1,"離爲火","중화리","初九","初九 黃離元吉 柔順中正","初九: 중화리 1효 - 바른 원칙과 겸손함을 지켜 길함을 얻는다","중화리(離爲火) 1효의 기운입니다. 조급한 마음을 내려놓고 원칙과 조화를 중시할 때 좋은 성과를 이룹니다."
30,2,"離爲火","중화리","六二","六二 鴻漸于陸 公子矢居","六二: 중화리 2효 - 바른 원칙과 겸손함을 지켜 길함을 얻는다","중화리(離爲火) 2효의 기운입니다. 조급한 마음을 내려놓고 원칙과 조화를 중시할 때 좋은 성과를 이룹니다."
30,3,"離爲火","중화리","九三","九三 日中見斗 往得疑疾","九三: 중화리 3효 - 바른 원칙과 겸손함을 지켜 길함을 얻는다","중화리(離爲火) 3효의 기운입니다. 조급한 마음을 내려놓고 원칙과 조화를 중시할 때 좋은 성과를 이룹니다."
30,4,"離爲火","중화리","六四","六四 鳴鶴在陰 其子和之","六四: 중화리 4효 - 바른 원칙과 겸손함을 지켜 길함을 얻는다","중화리(離爲火) 4효의 기운입니다. 조급한 마음을 내려놓고 원칙과 조화를 중시할 때 좋은 성과를 이룹니다."
30,5,"離爲火","중화리","九五","九五 同人先號咈而後笑","九五: 중화리 5효 - 바른 원칙과 겸손함을 지켜 길함을 얻는다","중화리(離爲火) 5효의 기운입니다. 조급한 마음을 내려놓고 원칙과 조화를 중시할 때 좋은 성과를 이룹니다."
30,6,"離爲火","중화리","上六","上六 履道坦坦 幽人貞吉","上六: 중화리 6효 - 바른 원칙과 겸손함을 지켜 길함을 얻는다","중화리(離爲火) 6효의 기운입니다. 조급한 마음을 내려놓고 원칙과 조화를 중시할 때 좋은 성과를 이룹니다."
31,1,"澤山咸","택산함","初六","初六 鴻漸于陸 公子矢居","初六: 택산함 1효 - 바른 원칙과 겸손함을 지켜 길함을 얻는다","택산함(澤山咸) 1효의 기운입니다. 조급한 마음을 내려놓고 원칙과 조화를 중시할 때 좋은 성과를 이룹니다."
31,2,"澤山咸","택산함","九二","九二 日中見斗 往得疑疾","九二: 택산함 2효 - 바른 원칙과 겸손함을 지켜 길함을 얻는다","택산함(澤山咸) 2효의 기운입니다. 조급한 마음을 내려놓고 원칙과 조화를 중시할 때 좋은 성과를 이룹니다."
31,3,"澤山咸","택산함","六三","六三 鳴鶴在陰 其子和之","六三: 택산함 3효 - 바른 원칙과 겸손함을 지켜 길함을 얻는다","택산함(澤山咸) 3효의 기운입니다. 조급한 마음을 내려놓고 원칙과 조화를 중시할 때 좋은 성과를 이룹니다."
31,4,"澤山咸","택산함","九四","九四 同人先號咈而後笑","九四: 택산함 4효 - 바른 원칙과 겸손함을 지켜 길함을 얻는다","택산함(澤山咸) 4효의 기운입니다. 조급한 마음을 내려놓고 원칙과 조화를 중시할 때 좋은 성과를 이룹니다."
31,5,"澤山咸","택산함","六五","六五 履道坦坦 幽人貞吉","六五: 택산함 5효 - 바른 원칙과 겸손함을 지켜 길함을 얻는다","택산함(澤山咸) 5효의 기운입니다. 조급한 마음을 내려놓고 원칙과 조화를 중시할 때 좋은 성과를 이룹니다."
31,6,"澤山咸","택산함","上九","上九 黃離元吉 柔順中正","上九: 택산함 6효 - 바른 원칙과 겸손함을 지켜 길함을 얻는다","택산함(澤山咸) 6효의 기운입니다. 조급한 마음을 내려놓고 원칙과 조화를 중시할 때 좋은 성과를 이룹니다."
32,1,"雷風恆","뇌풍항","初九","初九 日中見斗 往得疑疾","初九: 뇌풍항 1효 - 바른 원칙과 겸손함을 지켜 길함을 얻는다","뇌풍항(雷風恆) 1효의 기운입니다. 조급한 마음을 내려놓고 원칙과 조화를 중시할 때 좋은 성과를 이룹니다."
32,2,"雷風恆","뇌풍항","六二","六二 鳴鶴在陰 其子和之","六二: 뇌풍항 2효 - 바른 원칙과 겸손함을 지켜 길함을 얻는다","뇌풍항(雷風恆) 2효의 기운입니다. 조급한 마음을 내려놓고 원칙과 조화를 중시할 때 좋은 성과를 이룹니다."
32,3,"雷風恆","뇌풍항","九三","九三 同人先號咈而後笑","九三: 뇌풍항 3효 - 바른 원칙과 겸손함을 지켜 길함을 얻는다","뇌풍항(雷風恆) 3효의 기운입니다. 조급한 마음을 내려놓고 원칙과 조화를 중시할 때 좋은 성과를 이룹니다."
32,4,"雷風恆","뇌풍항","六四","六四 履道坦坦 幽人貞吉","六四: 뇌풍항 4효 - 바른 원칙과 겸손함을 지켜 길함을 얻는다","뇌풍항(雷風恆) 4효의 기운입니다. 조급한 마음을 내려놓고 원칙과 조화를 중시할 때 좋은 성과를 이룹니다."
32,5,"雷風恆","뇌풍항","九五","九五 黃離元吉 柔順中正","九五: 뇌풍항 5효 - 바른 원칙과 겸손함을 지켜 길함을 얻는다","뇌풍항(雷風恆) 5효의 기운입니다. 조급한 마음을 내려놓고 원칙과 조화를 중시할 때 좋은 성과를 이룹니다."
32,6,"雷風恆","뇌풍항","上六","上六 鴻漸于陸 公子矢居","上六: 뇌풍항 6효 - 바른 원칙과 겸손함을 지켜 길함을 얻는다","뇌풍항(雷風恆) 6효의 기운입니다. 조급한 마음을 내려놓고 원칙과 조화를 중시할 때 좋은 성과를 이룹니다."
33,1,"天山遯","천산둔","初六","初六 鳴鶴在陰 其子和之","初六: 천산둔 1효 - 바른 원칙과 겸손함을 지켜 길함을 얻는다","천산둔(天山遯) 1효의 기운입니다. 조급한 마음을 내려놓고 원칙과 조화를 중시할 때 좋은 성과를 이룹니다."
33,2,"天山遯","천산둔","九二","九二 同人先號咈而後笑","九二: 천산둔 2효 - 바른 원칙과 겸손함을 지켜 길함을 얻는다","천산둔(天山遯) 2효의 기운입니다. 조급한 마음을 내려놓고 원칙과 조화를 중시할 때 좋은 성과를 이룹니다."
33,3,"天山遯","천산둔","六三","六三 履道坦坦 幽人貞吉","六三: 천산둔 3효 - 바른 원칙과 겸손함을 지켜 길함을 얻는다","천산둔(天山遯) 3효의 기운입니다. 조급한 마음을 내려놓고 원칙과 조화를 중시할 때 좋은 성과를 이룹니다."
33,4,"天山遯","천산둔","九四","九四 黃離元吉 柔順中正","九四: 천산둔 4효 - 바른 원칙과 겸손함을 지켜 길함을 얻는다","천산둔(天山遯) 4효의 기운입니다. 조급한 마음을 내려놓고 원칙과 조화를 중시할 때 좋은 성과를 이룹니다."
33,5,"天山遯","천산둔","六五","六五 鴻漸于陸 公子矢居","六五: 천산둔 5효 - 바른 원칙과 겸손함을 지켜 길함을 얻는다","천산둔(天山遯) 5효의 기운입니다. 조급한 마음을 내려놓고 원칙과 조화를 중시할 때 좋은 성과를 이룹니다."
33,6,"天山遯","천산둔","上九","上九 日中見斗 往得疑疾","上九: 천산둔 6효 - 바른 원칙과 겸손함을 지켜 길함을 얻는다","천산둔(天山遯) 6효의 기운입니다. 조급한 마음을 내려놓고 원칙과 조화를 중시할 때 좋은 성과를 이룹니다."
34,1,"雷天大壯","뇌천대장","初九","初九 同人先號咈而後笑","初九: 뇌천대장 1효 - 바른 원칙과 겸손함을 지켜 길함을 얻는다","뇌천대장(雷天大壯) 1효의 기운입니다. 조급한 마음을 내려놓고 원칙과 조화를 중시할 때 좋은 성과를 이룹니다."
34,2,"雷天大壯","뇌천대장","六二","六二 履道坦坦 幽人貞吉","六二: 뇌천대장 2효 - 바른 원칙과 겸손함을 지켜 길함을 얻는다","뇌천대장(雷天大壯) 2효의 기운입니다. 조급한 마음을 내려놓고 원칙과 조화를 중시할 때 좋은 성과를 이룹니다."
34,3,"雷天大壯","뇌천대장","九三","九三 黃離元吉 柔順中正","九三: 뇌천대장 3효 - 바른 원칙과 겸손함을 지켜 길함을 얻는다","뇌천대장(雷天大壯) 3효의 기운입니다. 조급한 마음을 내려놓고 원칙과 조화를 중시할 때 좋은 성과를 이룹니다."
34,4,"雷天大壯","뇌천대장","六四","六四 鴻漸于陸 公子矢居","六四: 뇌천대장 4효 - 바른 원칙과 겸손함을 지켜 길함을 얻는다","뇌천대장(雷天大壯) 4효의 기운입니다. 조급한 마음을 내려놓고 원칙과 조화를 중시할 때 좋은 성과를 이룹니다."
34,5,"雷天大壯","뇌천대장","九五","九五 日中見斗 往得疑疾","九五: 뇌천대장 5효 - 바른 원칙과 겸손함을 지켜 길함을 얻는다","뇌천대장(雷天大壯) 5효의 기운입니다. 조급한 마음을 내려놓고 원칙과 조화를 중시할 때 좋은 성과를 이룹니다."
34,6,"雷天大壯","뇌천대장","上六","上六 鳴鶴在陰 其子和之","上六: 뇌천대장 6효 - 바른 원칙과 겸손함을 지켜 길함을 얻는다","뇌천대장(雷天大壯) 6효의 기운입니다. 조급한 마음을 내려놓고 원칙과 조화를 중시할 때 좋은 성과를 이룹니다."
35,1,"火地晉","화지진","初六","初六 履道坦坦 幽人貞吉","初六: 화지진 1효 - 바른 원칙과 겸손함을 지켜 길함을 얻는다","화지진(火地晉) 1효의 기운입니다. 조급한 마음을 내려놓고 원칙과 조화를 중시할 때 좋은 성과를 이룹니다."
35,2,"火地晉","화지진","九二","九二 黃離元吉 柔順中正","九二: 화지진 2효 - 바른 원칙과 겸손함을 지켜 길함을 얻는다","화지진(火地晉) 2효의 기운입니다. 조급한 마음을 내려놓고 원칙과 조화를 중시할 때 좋은 성과를 이룹니다."
35,3,"火地晉","화지진","六三","六三 鴻漸于陸 公子矢居","六三: 화지진 3효 - 바른 원칙과 겸손함을 지켜 길함을 얻는다","화지진(火地晉) 3효의 기운입니다. 조급한 마음을 내려놓고 원칙과 조화를 중시할 때 좋은 성과를 이룹니다."
35,4,"火地晉","화지진","九四","九四 日中見斗 往得疑疾","九四: 화지진 4효 - 바른 원칙과 겸손함을 지켜 길함을 얻는다","화지진(火地晉) 4효의 기운입니다. 조급한 마음을 내려놓고 원칙과 조화를 중시할 때 좋은 성과를 이룹니다."
35,5,"火地晉","화지진","六五","六五 鳴鶴在陰 其子和之","六五: 화지진 5효 - 바른 원칙과 겸손함을 지켜 길함을 얻는다","화지진(火地晉) 5효의 기운입니다. 조급한 마음을 내려놓고 원칙과 조화를 중시할 때 좋은 성과를 이룹니다."
35,6,"火地晉","화지진","上九","上九 同人先號咈而後笑","上九: 화지진 6효 - 바른 원칙과 겸손함을 지켜 길함을 얻는다","화지진(火地晉) 6효의 기운입니다. 조급한 마음을 내려놓고 원칙과 조화를 중시할 때 좋은 성과를 이룹니다."
36,1,"地火明夷","지화명이","初九","初九 黃離元吉 柔順中正","初九: 지화명이 1효 - 바른 원칙과 겸손함을 지켜 길함을 얻는다","지화명이(地火明夷) 1효의 기운입니다. 조급한 마음을 내려놓고 원칙과 조화를 중시할 때 좋은 성과를 이룹니다."
36,2,"地火明夷","지화명이","六二","六二 鴻漸于陸 公子矢居","六二: 지화명이 2효 - 바른 원칙과 겸손함을 지켜 길함을 얻는다","지화명이(地火明夷) 2효의 기운입니다. 조급한 마음을 내려놓고 원칙과 조화를 중시할 때 좋은 성과를 이룹니다."
36,3,"地火明夷","지화명이","九三","九三 日中見斗 往得疑疾","九三: 지화명이 3효 - 바른 원칙과 겸손함을 지켜 길함을 얻는다","지화명이(地火明夷) 3효의 기운입니다. 조급한 마음을 내려놓고 원칙과 조화를 중시할 때 좋은 성과를 이룹니다."
36,4,"地火明夷","지화명이","六四","六四 鳴鶴在陰 其子和之","六四: 지화명이 4효 - 바른 원칙과 겸손함을 지켜 길함을 얻는다","지화명이(地火明夷) 4효의 기운입니다. 조급한 마음을 내려놓고 원칙과 조화를 중시할 때 좋은 성과를 이룹니다."
36,5,"地火明夷","지화명이","九五","九五 同人先號咈而後笑","九五: 지화명이 5효 - 바른 원칙과 겸손함을 지켜 길함을 얻는다","지화명이(地火明夷) 5효의 기운입니다. 조급한 마음을 내려놓고 원칙과 조화를 중시할 때 좋은 성과를 이룹니다."
36,6,"地火明夷","지화명이","上六","上六 履道坦坦 幽人貞吉","上六: 지화명이 6효 - 바른 원칙과 겸손함을 지켜 길함을 얻는다","지화명이(地火明夷) 6효의 기운입니다. 조급한 마음을 내려놓고 원칙과 조화를 중시할 때 좋은 성과를 이룹니다."
37,1,"風火家人","풍화가인","初六","初六 鴻漸于陸 公子矢居","初六: 풍화가인 1효 - 바른 원칙과 겸손함을 지켜 길함을 얻는다","풍화가인(風火家人) 1효의 기운입니다. 조급한 마음을 내려놓고 원칙과 조화를 중시할 때 좋은 성과를 이룹니다."
37,2,"風火家人","풍화가인","九二","九二 日中見斗 往得疑疾","九二: 풍화가인 2효 - 바른 원칙과 겸손함을 지켜 길함을 얻는다","풍화가인(風火家人) 2효의 기운입니다. 조급한 마음을 내려놓고 원칙과 조화를 중시할 때 좋은 성과를 이룹니다."
37,3,"風火家人","풍화가인","六三","六三 鳴鶴在陰 其子和之","六三: 풍화가인 3효 - 바른 원칙과 겸손함을 지켜 길함을 얻는다","풍화가인(風火家人) 3효의 기운입니다. 조급한 마음을 내려놓고 원칙과 조화를 중시할 때 좋은 성과를 이룹니다."
37,4,"風火家人","풍화가인","九四","九四 同人先號咈而後笑","九四: 풍화가인 4효 - 바른 원칙과 겸손함을 지켜 길함을 얻는다","풍화가인(風火家人) 4효의 기운입니다. 조급한 마음을 내려놓고 원칙과 조화를 중시할 때 좋은 성과를 이룹니다."
37,5,"風火家人","풍화가인","六五","六五 履道坦坦 幽人貞吉","六五: 풍화가인 5효 - 바른 원칙과 겸손함을 지켜 길함을 얻는다","풍화가인(風火家人) 5효의 기운입니다. 조급한 마음을 내려놓고 원칙과 조화를 중시할 때 좋은 성과를 이룹니다."
37,6,"風火家人","풍화가인","上九","上九 黃離元吉 柔順中正","上九: 풍화가인 6효 - 바른 원칙과 겸손함을 지켜 길함을 얻는다","풍화가인(風火家人) 6효의 기운입니다. 조급한 마음을 내려놓고 원칙과 조화를 중시할 때 좋은 성과를 이룹니다."
38,1,"火澤睽","화택규","初九","初九 日中見斗 往得疑疾","初九: 화택규 1효 - 바른 원칙과 겸손함을 지켜 길함을 얻는다","화택규(火澤睽) 1효의 기운입니다. 조급한 마음을 내려놓고 원칙과 조화를 중시할 때 좋은 성과를 이룹니다."
38,2,"火澤睽","화택규","六二","六二 鳴鶴在陰 其子和之","六二: 화택규 2효 - 바른 원칙과 겸손함을 지켜 길함을 얻는다","화택규(火澤睽) 2효의 기운입니다. 조급한 마음을 내려놓고 원칙과 조화를 중시할 때 좋은 성과를 이룹니다."
38,3,"火澤睽","화택규","九三","九三 同人先號咈而後笑","九三: 화택규 3효 - 바른 원칙과 겸손함을 지켜 길함을 얻는다","화택규(火澤睽) 3효의 기운입니다. 조급한 마음을 내려놓고 원칙과 조화를 중시할 때 좋은 성과를 이룹니다."
38,4,"火澤睽","화택규","六四","六四 履道坦坦 幽人貞吉","六四: 화택규 4효 - 바른 원칙과 겸손함을 지켜 길함을 얻는다","화택규(火澤睽) 4효의 기운입니다. 조급한 마음을 내려놓고 원칙과 조화를 중시할 때 좋은 성과를 이룹니다."
38,5,"火澤睽","화택규","九五","九五 黃離元吉 柔順中正","九五: 화택규 5효 - 바른 원칙과 겸손함을 지켜 길함을 얻는다","화택규(火澤睽) 5효의 기운입니다. 조급한 마음을 내려놓고 원칙과 조화를 중시할 때 좋은 성과를 이룹니다."
38,6,"火澤睽","화택규","上六","上六 鴻漸于陸 公子矢居","上六: 화택규 6효 - 바른 원칙과 겸손함을 지켜 길함을 얻는다","화택규(火澤睽) 6효의 기운입니다. 조급한 마음을 내려놓고 원칙과 조화를 중시할 때 좋은 성과를 이룹니다."
39,1,"水山蹇","수산건","初六","初六 鳴鶴在陰 其子和之","初六: 수산건 1효 - 바른 원칙과 겸손함을 지켜 길함을 얻는다","수산건(水山蹇) 1효의 기운입니다. 조급한 마음을 내려놓고 원칙과 조화를 중시할 때 좋은 성과를 이룹니다."
39,2,"水山蹇","수산건","九二","九二 同人先號咈而後笑","九二: 수산건 2효 - 바른 원칙과 겸손함을 지켜 길함을 얻는다","수산건(水山蹇) 2효의 기운입니다. 조급한 마음을 내려놓고 원칙과 조화를 중시할 때 좋은 성과를 이룹니다."
39,3,"水山蹇","수산건","六三","六三 履道坦坦 幽人貞吉","六三: 수산건 3효 - 바른 원칙과 겸손함을 지켜 길함을 얻는다","수산건(水山蹇) 3효의 기운입니다. 조급한 마음을 내려놓고 원칙과 조화를 중시할 때 좋은 성과를 이룹니다."
39,4,"水山蹇","수산건","九四","九四 黃離元吉 柔順中正","九四: 수산건 4효 - 바른 원칙과 겸손함을 지켜 길함을 얻는다","수산건(水山蹇) 4효의 기운입니다. 조급한 마음을 내려놓고 원칙과 조화를 중시할 때 좋은 성과를 이룹니다."
39,5,"水山蹇","수산건","六五","六五 鴻漸于陸 公子矢居","六五: 수산건 5효 - 바른 원칙과 겸손함을 지켜 길함을 얻는다","수산건(水山蹇) 5효의 기운입니다. 조급한 마음을 내려놓고 원칙과 조화를 중시할 때 좋은 성과를 이룹니다."
39,6,"水山蹇","수산건","上九","上九 日中見斗 往得疑疾","上九: 수산건 6효 - 바른 원칙과 겸손함을 지켜 길함을 얻는다","수산건(水山蹇) 6효의 기운입니다. 조급한 마음을 내려놓고 원칙과 조화를 중시할 때 좋은 성과를 이룹니다."
40,1,"雷水解","뇌수해","初九","初九 同人先號咈而後笑","初九: 뇌수해 1효 - 바른 원칙과 겸손함을 지켜 길함을 얻는다","뇌수해(雷水解) 1효의 기운입니다. 조급한 마음을 내려놓고 원칙과 조화를 중시할 때 좋은 성과를 이룹니다."
40,2,"雷水解","뇌수해","六二","六二 履道坦坦 幽人貞吉","六二: 뇌수해 2효 - 바른 원칙과 겸손함을 지켜 길함을 얻는다","뇌수해(雷水解) 2효의 기운입니다. 조급한 마음을 내려놓고 원칙과 조화를 중시할 때 좋은 성과를 이룹니다."
40,3,"雷水解","뇌수해","九三","九三 黃離元吉 柔順中正","九三: 뇌수해 3효 - 바른 원칙과 겸손함을 지켜 길함을 얻는다","뇌수해(雷水解) 3효의 기운입니다. 조급한 마음을 내려놓고 원칙과 조화를 중시할 때 좋은 성과를 이룹니다."
40,4,"雷水解","뇌수해","六四","六四 鴻漸于陸 公子矢居","六四: 뇌수해 4효 - 바른 원칙과 겸손함을 지켜 길함을 얻는다","뇌수해(雷水解) 4효의 기운입니다. 조급한 마음을 내려놓고 원칙과 조화를 중시할 때 좋은 성과를 이룹니다."
40,5,"雷水解","뇌수해","九五","九五 日中見斗 往得疑疾","九五: 뇌수해 5효 - 바른 원칙과 겸손함을 지켜 길함을 얻는다","뇌수해(雷水解) 5효의 기운입니다. 조급한 마음을 내려놓고 원칙과 조화를 중시할 때 좋은 성과를 이룹니다."
40,6,"雷水解","뇌수해","上六","上六 鳴鶴在陰 其子和之","上六: 뇌수해 6효 - 바른 원칙과 겸손함을 지켜 길함을 얻는다","뇌수해(雷水解) 6효의 기운입니다. 조급한 마음을 내려놓고 원칙과 조화를 중시할 때 좋은 성과를 이룹니다."
41,1,"山澤損","산택손","初六","初六 履道坦坦 幽人貞吉","初六: 산택손 1효 - 바른 원칙과 겸손함을 지켜 길함을 얻는다","산택손(山澤損) 1효의 기운입니다. 조급한 마음을 내려놓고 원칙과 조화를 중시할 때 좋은 성과를 이룹니다."
41,2,"山澤損","산택손","九二","九二 黃離元吉 柔順中正","九二: 산택손 2효 - 바른 원칙과 겸손함을 지켜 길함을 얻는다","산택손(山澤損) 2효의 기운입니다. 조급한 마음을 내려놓고 원칙과 조화를 중시할 때 좋은 성과를 이룹니다."
41,3,"山澤損","산택손","六三","六三 鴻漸于陸 公子矢居","六三: 산택손 3효 - 바른 원칙과 겸손함을 지켜 길함을 얻는다","산택손(山澤損) 3효의 기운입니다. 조급한 마음을 내려놓고 원칙과 조화를 중시할 때 좋은 성과를 이룹니다."
41,4,"山澤損","산택손","九四","九四 日中見斗 往得疑疾","九四: 산택손 4효 - 바른 원칙과 겸손함을 지켜 길함을 얻는다","산택손(山澤損) 4효의 기운입니다. 조급한 마음을 내려놓고 원칙과 조화를 중시할 때 좋은 성과를 이룹니다."
41,5,"山澤損","산택손","六五","六五 鳴鶴在陰 其子和之","六五: 산택손 5효 - 바른 원칙과 겸손함을 지켜 길함을 얻는다","산택손(山澤損) 5효의 기운입니다. 조급한 마음을 내려놓고 원칙과 조화를 중시할 때 좋은 성과를 이룹니다."
41,6,"山澤損","산택손","上九","上九 同人先號咈而後笑","上九: 산택손 6효 - 바른 원칙과 겸손함을 지켜 길함을 얻는다","산택손(山澤損) 6효의 기운입니다. 조급한 마음을 내려놓고 원칙과 조화를 중시할 때 좋은 성과를 이룹니다."
42,1,"風雷益","풍뢰익","初九","初九 黃離元吉 柔順中正","初九: 풍뢰익 1효 - 바른 원칙과 겸손함을 지켜 길함을 얻는다","풍뢰익(風雷益) 1효의 기운입니다. 조급한 마음을 내려놓고 원칙과 조화를 중시할 때 좋은 성과를 이룹니다."
42,2,"風雷益","풍뢰익","六二","六二 鴻漸于陸 公子矢居","六二: 풍뢰익 2효 - 바른 원칙과 겸손함을 지켜 길함을 얻는다","풍뢰익(風雷益) 2효의 기운입니다. 조급한 마음을 내려놓고 원칙과 조화를 중시할 때 좋은 성과를 이룹니다."
42,3,"風雷益","풍뢰익","九三","九三 日中見斗 往得疑疾","九三: 풍뢰익 3효 - 바른 원칙과 겸손함을 지켜 길함을 얻는다","풍뢰익(風雷益) 3효의 기운입니다. 조급한 마음을 내려놓고 원칙과 조화를 중시할 때 좋은 성과를 이룹니다."
42,4,"風雷益","풍뢰익","六四","六四 鳴鶴在陰 其子和之","六四: 풍뢰익 4효 - 바른 원칙과 겸손함을 지켜 길함을 얻는다","풍뢰익(風雷益) 4효의 기운입니다. 조급한 마음을 내려놓고 원칙과 조화를 중시할 때 좋은 성과를 이룹니다."
42,5,"風雷益","풍뢰익","九五","九五 同人先號咈而後笑","九五: 풍뢰익 5효 - 바른 원칙과 겸손함을 지켜 길함을 얻는다","풍뢰익(風雷益) 5효의 기운입니다. 조급한 마음을 내려놓고 원칙과 조화를 중시할 때 좋은 성과를 이룹니다."
42,6,"風雷益","풍뢰익","上六","上六 履道坦坦 幽人貞吉","上六: 풍뢰익 6효 - 바른 원칙과 겸손함을 지켜 길함을 얻는다","풍뢰익(風雷益) 6효의 기운입니다. 조급한 마음을 내려놓고 원칙과 조화를 중시할 때 좋은 성과를 이룹니다."
43,1,"澤天夬","택천쾌","初六","初六 鴻漸于陸 公子矢居","初六: 택천쾌 1효 - 바른 원칙과 겸손함을 지켜 길함을 얻는다","택천쾌(澤天夬) 1효의 기운입니다. 조급한 마음을 내려놓고 원칙과 조화를 중시할 때 좋은 성과를 이룹니다."
43,2,"澤天夬","택천쾌","九二","九二 日中見斗 往得疑疾","九二: 택천쾌 2효 - 바른 원칙과 겸손함을 지켜 길함을 얻는다","택천쾌(澤天夬) 2효의 기운입니다. 조급한 마음을 내려놓고 원칙과 조화를 중시할 때 좋은 성과를 이룹니다."
43,3,"澤天夬","택천쾌","六三","六三 鳴鶴在陰 其子和之","六三: 택천쾌 3효 - 바른 원칙과 겸손함을 지켜 길함을 얻는다","택천쾌(澤天夬) 3효의 기운입니다. 조급한 마음을 내려놓고 원칙과 조화를 중시할 때 좋은 성과를 이룹니다."
43,4,"澤天夬","택천쾌","九四","九四 同人先號咈而後笑","九四: 택천쾌 4효 - 바른 원칙과 겸손함을 지켜 길함을 얻는다","택천쾌(澤天夬) 4효의 기운입니다. 조급한 마음을 내려놓고 원칙과 조화를 중시할 때 좋은 성과를 이룹니다."
43,5,"澤天夬","택천쾌","六五","六五 履道坦坦 幽人貞吉","六五: 택천쾌 5효 - 바른 원칙과 겸손함을 지켜 길함을 얻는다","택천쾌(澤天夬) 5효의 기운입니다. 조급한 마음을 내려놓고 원칙과 조화를 중시할 때 좋은 성과를 이룹니다."
43,6,"澤天夬","택천쾌","上九","上九 黃離元吉 柔順中正","上九: 택천쾌 6효 - 바른 원칙과 겸손함을 지켜 길함을 얻는다","택천쾌(澤天夬) 6효의 기운입니다. 조급한 마음을 내려놓고 원칙과 조화를 중시할 때 좋은 성과를 이룹니다."
44,1,"天風姤","천풍구","初九","初九 日中見斗 往得疑疾","初九: 천풍구 1효 - 바른 원칙과 겸손함을 지켜 길함을 얻는다","천풍구(天風姤) 1효의 기운입니다. 조급한 마음을 내려놓고 원칙과 조화를 중시할 때 좋은 성과를 이룹니다."
44,2,"天風姤","천풍구","六二","六二 鳴鶴在陰 其子和之","六二: 천풍구 2효 - 바른 원칙과 겸손함을 지켜 길함을 얻는다","천풍구(天風姤) 2효의 기운입니다. 조급한 마음을 내려놓고 원칙과 조화를 중시할 때 좋은 성과를 이룹니다."
44,3,"天風姤","천풍구","九三","九三 同人先號咈而後笑","九三: 천풍구 3효 - 바른 원칙과 겸손함을 지켜 길함을 얻는다","천풍구(天風姤) 3효의 기운입니다. 조급한 마음을 내려놓고 원칙과 조화를 중시할 때 좋은 성과를 이룹니다."
44,4,"天風姤","천풍구","六四","六四 履道坦坦 幽人貞吉","六四: 천풍구 4효 - 바른 원칙과 겸손함을 지켜 길함을 얻는다","천풍구(天風姤) 4효의 기운입니다. 조급한 마음을 내려놓고 원칙과 조화를 중시할 때 좋은 성과를 이룹니다."
44,5,"天風姤","천풍구","九五","九五 黃離元吉 柔順中正","九五: 천풍구 5효 - 바른 원칙과 겸손함을 지켜 길함을 얻는다","천풍구(天風姤) 5효의 기운입니다. 조급한 마음을 내려놓고 원칙과 조화를 중시할 때 좋은 성과를 이룹니다."
44,6,"天風姤","천풍구","上六","上六 鴻漸于陸 公子矢居","上六: 천풍구 6효 - 바른 원칙과 겸손함을 지켜 길함을 얻는다","천풍구(天風姤) 6효의 기운입니다. 조급한 마음을 내려놓고 원칙과 조화를 중시할 때 좋은 성과를 이룹니다."
45,1,"澤地萃","택지췌","初六","初六 鳴鶴在陰 其子和之","初六: 택지췌 1효 - 바른 원칙과 겸손함을 지켜 길함을 얻는다","택지췌(澤地萃) 1효의 기운입니다. 조급한 마음을 내려놓고 원칙과 조화를 중시할 때 좋은 성과를 이룹니다."
45,2,"澤地萃","택지췌","九二","九二 同人先號咈而後笑","九二: 택지췌 2효 - 바른 원칙과 겸손함을 지켜 길함을 얻는다","택지췌(澤地萃) 2효의 기운입니다. 조급한 마음을 내려놓고 원칙과 조화를 중시할 때 좋은 성과를 이룹니다."
45,3,"澤地萃","택지췌","六三","六三 履道坦坦 幽人貞吉","六三: 택지췌 3효 - 바른 원칙과 겸손함을 지켜 길함을 얻는다","택지췌(澤地萃) 3효의 기운입니다. 조급한 마음을 내려놓고 원칙과 조화를 중시할 때 좋은 성과를 이룹니다."
45,4,"澤地萃","택지췌","九四","九四 黃離元吉 柔順中正","九四: 택지췌 4효 - 바른 원칙과 겸손함을 지켜 길함을 얻는다","택지췌(澤地萃) 4효의 기운입니다. 조급한 마음을 내려놓고 원칙과 조화를 중시할 때 좋은 성과를 이룹니다."
45,5,"澤地萃","택지췌","六五","六五 鴻漸于陸 公子矢居","六五: 택지췌 5효 - 바른 원칙과 겸손함을 지켜 길함을 얻는다","택지췌(澤地萃) 5효의 기운입니다. 조급한 마음을 내려놓고 원칙과 조화를 중시할 때 좋은 성과를 이룹니다."
45,6,"澤地萃","택지췌","上九","上九 日中見斗 往得疑疾","上九: 택지췌 6효 - 바른 원칙과 겸손함을 지켜 길함을 얻는다","택지췌(澤地萃) 6효의 기운입니다. 조급한 마음을 내려놓고 원칙과 조화를 중시할 때 좋은 성과를 이룹니다."
46,1,"地風升","지풍승","初九","初九 同人先號咈而後笑","初九: 지풍승 1효 - 바른 원칙과 겸손함을 지켜 길함을 얻는다","지풍승(地風升) 1효의 기운입니다. 조급한 마음을 내려놓고 원칙과 조화를 중시할 때 좋은 성과를 이룹니다."
46,2,"地風升","지풍승","六二","六二 履道坦坦 幽人貞吉","六二: 지풍승 2효 - 바른 원칙과 겸손함을 지켜 길함을 얻는다","지풍승(地風升) 2효의 기운입니다. 조급한 마음을 내려놓고 원칙과 조화를 중시할 때 좋은 성과를 이룹니다."
46,3,"地風升","지풍승","九三","九三 黃離元吉 柔順中正","九三: 지풍승 3효 - 바른 원칙과 겸손함을 지켜 길함을 얻는다","지풍승(地風升) 3효의 기운입니다. 조급한 마음을 내려놓고 원칙과 조화를 중시할 때 좋은 성과를 이룹니다."
46,4,"地風升","지풍승","六四","六四 鴻漸于陸 公子矢居","六四: 지풍승 4효 - 바른 원칙과 겸손함을 지켜 길함을 얻는다","지풍승(地風升) 4효의 기운입니다. 조급한 마음을 내려놓고 원칙과 조화를 중시할 때 좋은 성과를 이룹니다."
46,5,"地風升","지풍승","九五","九五 日中見斗 往得疑疾","九五: 지풍승 5효 - 바른 원칙과 겸손함을 지켜 길함을 얻는다","지풍승(地風升) 5효의 기운입니다. 조급한 마음을 내려놓고 원칙과 조화를 중시할 때 좋은 성과를 이룹니다."
46,6,"地風升","지풍승","上六","上六 鳴鶴在陰 其子和之","上六: 지풍승 6효 - 바른 원칙과 겸손함을 지켜 길함을 얻는다","지풍승(地風升) 6효의 기운입니다. 조급한 마음을 내려놓고 원칙과 조화를 중시할 때 좋은 성과를 이룹니다."
47,1,"澤水困","택수곤","初六","初六 履道坦坦 幽人貞吉","初六: 택수곤 1효 - 바른 원칙과 겸손함을 지켜 길함을 얻는다","택수곤(澤水困) 1효의 기운입니다. 조급한 마음을 내려놓고 원칙과 조화를 중시할 때 좋은 성과를 이룹니다."
47,2,"澤水困","택수곤","九二","九二 黃離元吉 柔順中正","九二: 택수곤 2효 - 바른 원칙과 겸손함을 지켜 길함을 얻는다","택수곤(澤水困) 2효의 기운입니다. 조급한 마음을 내려놓고 원칙과 조화를 중시할 때 좋은 성과를 이룹니다."
47,3,"澤水困","택수곤","六三","六三 鴻漸于陸 公子矢居","六三: 택수곤 3효 - 바른 원칙과 겸손함을 지켜 길함을 얻는다","택수곤(澤水困) 3효의 기운입니다. 조급한 마음을 내려놓고 원칙과 조화를 중시할 때 좋은 성과를 이룹니다."
47,4,"澤水困","택수곤","九四","九四 日中見斗 往得疑疾","九四: 택수곤 4효 - 바른 원칙과 겸손함을 지켜 길함을 얻는다","택수곤(澤水困) 4효의 기운입니다. 조급한 마음을 내려놓고 원칙과 조화를 중시할 때 좋은 성과를 이룹니다."
47,5,"澤水困","택수곤","六五","六五 鳴鶴在陰 其子和之","六五: 택수곤 5효 - 바른 원칙과 겸손함을 지켜 길함을 얻는다","택수곤(澤水困) 5효의 기운입니다. 조급한 마음을 내려놓고 원칙과 조화를 중시할 때 좋은 성과를 이룹니다."
47,6,"澤水困","택수곤","上九","上九 同人先號咈而後笑","上九: 택수곤 6효 - 바른 원칙과 겸손함을 지켜 길함을 얻는다","택수곤(澤水困) 6효의 기운입니다. 조급한 마음을 내려놓고 원칙과 조화를 중시할 때 좋은 성과를 이룹니다."
48,1,"水風井","수풍정","初九","初九 黃離元吉 柔順中正","初九: 수풍정 1효 - 바른 원칙과 겸손함을 지켜 길함을 얻는다","수풍정(水風井) 1효의 기운입니다. 조급한 마음을 내려놓고 원칙과 조화를 중시할 때 좋은 성과를 이룹니다."
48,2,"水風井","수풍정","六二","六二 鴻漸于陸 公子矢居","六二: 수풍정 2효 - 바른 원칙과 겸손함을 지켜 길함을 얻는다","수풍정(水風井) 2효의 기운입니다. 조급한 마음을 내려놓고 원칙과 조화를 중시할 때 좋은 성과를 이룹니다."
48,3,"水風井","수풍정","九三","九三 日中見斗 往得疑疾","九三: 수풍정 3효 - 바른 원칙과 겸손함을 지켜 길함을 얻는다","수풍정(水風井) 3효의 기운입니다. 조급한 마음을 내려놓고 원칙과 조화를 중시할 때 좋은 성과를 이룹니다."
48,4,"水風井","수풍정","六四","六四 鳴鶴在陰 其子和之","六四: 수풍정 4효 - 바른 원칙과 겸손함을 지켜 길함을 얻는다","수풍정(水風井) 4효의 기운입니다. 조급한 마음을 내려놓고 원칙과 조화를 중시할 때 좋은 성과를 이룹니다."
48,5,"水風井","수풍정","九五","九五 同人先號咈而後笑","九五: 수풍정 5효 - 바른 원칙과 겸손함을 지켜 길함을 얻는다","수풍정(水風井) 5효의 기운입니다. 조급한 마음을 내려놓고 원칙과 조화를 중시할 때 좋은 성과를 이룹니다."
48,6,"水風井","수풍정","上六","上六 履道坦坦 幽人貞吉","上六: 수풍정 6효 - 바른 원칙과 겸손함을 지켜 길함을 얻는다","수풍정(水風井) 6효의 기운입니다. 조급한 마음을 내려놓고 원칙과 조화를 중시할 때 좋은 성과를 이룹니다."
49,1,"澤火革","택화혁","初六","初六 鴻漸于陸 公子矢居","初六: 택화혁 1효 - 바른 원칙과 겸손함을 지켜 길함을 얻는다","택화혁(澤火革) 1효의 기운입니다. 조급한 마음을 내려놓고 원칙과 조화를 중시할 때 좋은 성과를 이룹니다."
49,2,"澤火革","택화혁","九二","九二 日中見斗 往得疑疾","九二: 택화혁 2효 - 바른 원칙과 겸손함을 지켜 길함을 얻는다","택화혁(澤火革) 2효의 기운입니다. 조급한 마음을 내려놓고 원칙과 조화를 중시할 때 좋은 성과를 이룹니다."
49,3,"澤火革","택화혁","六三","六三 鳴鶴在陰 其子和之","六三: 택화혁 3효 - 바른 원칙과 겸손함을 지켜 길함을 얻는다","택화혁(澤火革) 3효의 기운입니다. 조급한 마음을 내려놓고 원칙과 조화를 중시할 때 좋은 성과를 이룹니다."
49,4,"澤火革","택화혁","九四","九四 同人先號咈而後笑","九四: 택화혁 4효 - 바른 원칙과 겸손함을 지켜 길함을 얻는다","택화혁(澤火革) 4효의 기운입니다. 조급한 마음을 내려놓고 원칙과 조화를 중시할 때 좋은 성과를 이룹니다."
49,5,"澤火革","택화혁","六五","六五 履道坦坦 幽人貞吉","六五: 택화혁 5효 - 바른 원칙과 겸손함을 지켜 길함을 얻는다","택화혁(澤火革) 5효의 기운입니다. 조급한 마음을 내려놓고 원칙과 조화를 중시할 때 좋은 성과를 이룹니다."
49,6,"澤火革","택화혁","上九","上九 黃離元吉 柔順中正","上九: 택화혁 6효 - 바른 원칙과 겸손함을 지켜 길함을 얻는다","택화혁(澤火革) 6효의 기운입니다. 조급한 마음을 내려놓고 원칙과 조화를 중시할 때 좋은 성과를 이룹니다."
50,1,"火風鼎","화풍정","初九","初九 日中見斗 往得疑疾","初九: 화풍정 1효 - 바른 원칙과 겸손함을 지켜 길함을 얻는다","화풍정(火風鼎) 1효의 기운입니다. 조급한 마음을 내려놓고 원칙과 조화를 중시할 때 좋은 성과를 이룹니다."
50,2,"火風鼎","화풍정","六二","六二 鳴鶴在陰 其子和之","六二: 화풍정 2효 - 바른 원칙과 겸손함을 지켜 길함을 얻는다","화풍정(火風鼎) 2효의 기운입니다. 조급한 마음을 내려놓고 원칙과 조화를 중시할 때 좋은 성과를 이룹니다."
50,3,"火風鼎","화풍정","九三","九三 同人先號咈而後笑","九三: 화풍정 3효 - 바른 원칙과 겸손함을 지켜 길함을 얻는다","화풍정(火風鼎) 3효의 기운입니다. 조급한 마음을 내려놓고 원칙과 조화를 중시할 때 좋은 성과를 이룹니다."
50,4,"火風鼎","화풍정","六四","六四 履道坦坦 幽人貞吉","六四: 화풍정 4효 - 바른 원칙과 겸손함을 지켜 길함을 얻는다","화풍정(火風鼎) 4효의 기운입니다. 조급한 마음을 내려놓고 원칙과 조화를 중시할 때 좋은 성과를 이룹니다."
50,5,"火風鼎","화풍정","九五","九五 黃離元吉 柔順中正","九五: 화풍정 5효 - 바른 원칙과 겸손함을 지켜 길함을 얻는다","화풍정(火風鼎) 5효의 기운입니다. 조급한 마음을 내려놓고 원칙과 조화를 중시할 때 좋은 성과를 이룹니다."
50,6,"火風鼎","화풍정","上六","上六 鴻漸于陸 公子矢居","上六: 화풍정 6효 - 바른 원칙과 겸손함을 지켜 길함을 얻는다","화풍정(火風鼎) 6효의 기운입니다. 조급한 마음을 내려놓고 원칙과 조화를 중시할 때 좋은 성과를 이룹니다."
51,1,"震爲雷","중뇌진","初六","初六 鳴鶴在陰 其子和之","初六: 중뇌진 1효 - 바른 원칙과 겸손함을 지켜 길함을 얻는다","중뇌진(震爲雷) 1효의 기운입니다. 조급한 마음을 내려놓고 원칙과 조화를 중시할 때 좋은 성과를 이룹니다."
51,2,"震爲雷","중뇌진","九二","九二 同人先號咈而後笑","九二: 중뇌진 2효 - 바른 원칙과 겸손함을 지켜 길함을 얻는다","중뇌진(震爲雷) 2효의 기운입니다. 조급한 마음을 내려놓고 원칙과 조화를 중시할 때 좋은 성과를 이룹니다."
51,3,"震爲雷","중뇌진","六三","六三 履道坦坦 幽人貞吉","六三: 중뇌진 3효 - 바른 원칙과 겸손함을 지켜 길함을 얻는다","중뇌진(震爲雷) 3효의 기운입니다. 조급한 마음을 내려놓고 원칙과 조화를 중시할 때 좋은 성과를 이룹니다."
51,4,"震爲雷","중뇌진","九四","九四 黃離元吉 柔順中正","九四: 중뇌진 4효 - 바른 원칙과 겸손함을 지켜 길함을 얻는다","중뇌진(震爲雷) 4효의 기운입니다. 조급한 마음을 내려놓고 원칙과 조화를 중시할 때 좋은 성과를 이룹니다."
51,5,"震爲雷","중뇌진","六五","六五 鴻漸于陸 公子矢居","六五: 중뇌진 5효 - 바른 원칙과 겸손함을 지켜 길함을 얻는다","중뇌진(震爲雷) 5효의 기운입니다. 조급한 마음을 내려놓고 원칙과 조화를 중시할 때 좋은 성과를 이룹니다."
51,6,"震爲雷","중뇌진","上九","上九 日中見斗 往得疑疾","上九: 중뇌진 6효 - 바른 원칙과 겸손함을 지켜 길함을 얻는다","중뇌진(震爲雷) 6효의 기운입니다. 조급한 마음을 내려놓고 원칙과 조화를 중시할 때 좋은 성과를 이룹니다."
52,1,"艮爲山","중산간","初九","初九 同人先號咈而後笑","初九: 중산간 1효 - 바른 원칙과 겸손함을 지켜 길함을 얻는다","중산간(艮爲山) 1효의 기운입니다. 조급한 마음을 내려놓고 원칙과 조화를 중시할 때 좋은 성과를 이룹니다."
52,2,"艮爲山","중산간","六二","六二 履道坦坦 幽人貞吉","六二: 중산간 2효 - 바른 원칙과 겸손함을 지켜 길함을 얻는다","중산간(艮爲山) 2효의 기운입니다. 조급한 마음을 내려놓고 원칙과 조화를 중시할 때 좋은 성과를 이룹니다."
52,3,"艮爲山","중산간","九三","九三 黃離元吉 柔順中正","九三: 중산간 3효 - 바른 원칙과 겸손함을 지켜 길함을 얻는다","중산간(艮爲山) 3효의 기운입니다. 조급한 마음을 내려놓고 원칙과 조화를 중시할 때 좋은 성과를 이룹니다."
52,4,"艮爲山","중산간","六四","六四 鴻漸于陸 公子矢居","六四: 중산간 4효 - 바른 원칙과 겸손함을 지켜 길함을 얻는다","중산간(艮爲山) 4효의 기운입니다. 조급한 마음을 내려놓고 원칙과 조화를 중시할 때 좋은 성과를 이룹니다."
52,5,"艮爲山","중산간","九五","九五 日中見斗 往得疑疾","九五: 중산간 5효 - 바른 원칙과 겸손함을 지켜 길함을 얻는다","중산간(艮爲山) 5효의 기운입니다. 조급한 마음을 내려놓고 원칙과 조화를 중시할 때 좋은 성과를 이룹니다."
52,6,"艮爲山","중산간","上六","上六 鳴鶴在陰 其子和之","上六: 중산간 6효 - 바른 원칙과 겸손함을 지켜 길함을 얻는다","중산간(艮爲山) 6효의 기운입니다. 조급한 마음을 내려놓고 원칙과 조화를 중시할 때 좋은 성과를 이룹니다."
53,1,"風山漸","풍산점","初六","初六 履道坦坦 幽人貞吉","初六: 풍산점 1효 - 바른 원칙과 겸손함을 지켜 길함을 얻는다","풍산점(風山漸) 1효의 기운입니다. 조급한 마음을 내려놓고 원칙과 조화를 중시할 때 좋은 성과를 이룹니다."
53,2,"風山漸","풍산점","九二","九二 黃離元吉 柔順中正","九二: 풍산점 2효 - 바른 원칙과 겸손함을 지켜 길함을 얻는다","풍산점(風山漸) 2효의 기운입니다. 조급한 마음을 내려놓고 원칙과 조화를 중시할 때 좋은 성과를 이룹니다."
53,3,"風山漸","풍산점","六三","六三 鴻漸于陸 公子矢居","六三: 풍산점 3효 - 바른 원칙과 겸손함을 지켜 길함을 얻는다","풍산점(風山漸) 3효의 기운입니다. 조급한 마음을 내려놓고 원칙과 조화를 중시할 때 좋은 성과를 이룹니다."
53,4,"風山漸","풍산점","九四","九四 日中見斗 往得疑疾","九四: 풍산점 4효 - 바른 원칙과 겸손함을 지켜 길함을 얻는다","풍산점(風山漸) 4효의 기운입니다. 조급한 마음을 내려놓고 원칙과 조화를 중시할 때 좋은 성과를 이룹니다."
53,5,"風山漸","풍산점","六五","六五 鳴鶴在陰 其子和之","六五: 풍산점 5효 - 바른 원칙과 겸손함을 지켜 길함을 얻는다","풍산점(風山漸) 5효의 기운입니다. 조급한 마음을 내려놓고 원칙과 조화를 중시할 때 좋은 성과를 이룹니다."
53,6,"風山漸","풍산점","上九","上九 同人先號咈而後笑","上九: 풍산점 6효 - 바른 원칙과 겸손함을 지켜 길함을 얻는다","풍산점(風山漸) 6효의 기운입니다. 조급한 마음을 내려놓고 원칙과 조화를 중시할 때 좋은 성과를 이룹니다."
54,1,"雷澤歸妹","뇌택귀매","初九","初九 黃離元吉 柔順中正","初九: 뇌택귀매 1효 - 바른 원칙과 겸손함을 지켜 길함을 얻는다","뇌택귀매(雷澤歸妹) 1효의 기운입니다. 조급한 마음을 내려놓고 원칙과 조화를 중시할 때 좋은 성과를 이룹니다."
54,2,"雷澤歸妹","뇌택귀매","六二","六二 鴻漸于陸 公子矢居","六二: 뇌택귀매 2효 - 바른 원칙과 겸손함을 지켜 길함을 얻는다","뇌택귀매(雷澤歸妹) 2효의 기운입니다. 조급한 마음을 내려놓고 원칙과 조화를 중시할 때 좋은 성과를 이룹니다."
54,3,"雷澤歸妹","뇌택귀매","九三","九三 日中見斗 往得疑疾","九三: 뇌택귀매 3효 - 바른 원칙과 겸손함을 지켜 길함을 얻는다","뇌택귀매(雷澤歸妹) 3효의 기운입니다. 조급한 마음을 내려놓고 원칙과 조화를 중시할 때 좋은 성과를 이룹니다."
54,4,"雷澤歸妹","뇌택귀매","六四","六四 鳴鶴在陰 其子和之","六四: 뇌택귀매 4효 - 바른 원칙과 겸손함을 지켜 길함을 얻는다","뇌택귀매(雷澤歸妹) 4효의 기운입니다. 조급한 마음을 내려놓고 원칙과 조화를 중시할 때 좋은 성과를 이룹니다."
54,5,"雷澤歸妹","뇌택귀매","九五","九五 同人先號咈而後笑","九五: 뇌택귀매 5효 - 바른 원칙과 겸손함을 지켜 길함을 얻는다","뇌택귀매(雷澤歸妹) 5효의 기운입니다. 조급한 마음을 내려놓고 원칙과 조화를 중시할 때 좋은 성과를 이룹니다."
54,6,"雷澤歸妹","뇌택귀매","上六","上六 履道坦坦 幽人貞吉","上六: 뇌택귀매 6효 - 바른 원칙과 겸손함을 지켜 길함을 얻는다","뇌택귀매(雷澤歸妹) 6효의 기운입니다. 조급한 마음을 내려놓고 원칙과 조화를 중시할 때 좋은 성과를 이룹니다."
55,1,"雷火豐","뇌화풍","初六","初六 鴻漸于陸 公子矢居","初六: 뇌화풍 1효 - 바른 원칙과 겸손함을 지켜 길함을 얻는다","뇌화풍(雷火豐) 1효의 기운입니다. 조급한 마음을 내려놓고 원칙과 조화를 중시할 때 좋은 성과를 이룹니다."
55,2,"雷火豐","뇌화풍","九二","九二 日中見斗 往得疑疾","九二: 뇌화풍 2효 - 바른 원칙과 겸손함을 지켜 길함을 얻는다","뇌화풍(雷火豐) 2효의 기운입니다. 조급한 마음을 내려놓고 원칙과 조화를 중시할 때 좋은 성과를 이룹니다."
55,3,"雷火豐","뇌화풍","六三","六三 鳴鶴在陰 其子和之","六三: 뇌화풍 3효 - 바른 원칙과 겸손함을 지켜 길함을 얻는다","뇌화풍(雷火豐) 3효의 기운입니다. 조급한 마음을 내려놓고 원칙과 조화를 중시할 때 좋은 성과를 이룹니다."
55,4,"雷火豐","뇌화풍","九四","九四 同人先號咈而後笑","九四: 뇌화풍 4효 - 바른 원칙과 겸손함을 지켜 길함을 얻는다","뇌화풍(雷火豐) 4효의 기운입니다. 조급한 마음을 내려놓고 원칙과 조화를 중시할 때 좋은 성과를 이룹니다."
55,5,"雷火豐","뇌화풍","六五","六五 履道坦坦 幽人貞吉","六五: 뇌화풍 5효 - 바른 원칙과 겸손함을 지켜 길함을 얻는다","뇌화풍(雷火豐) 5효의 기운입니다. 조급한 마음을 내려놓고 원칙과 조화를 중시할 때 좋은 성과를 이룹니다."
55,6,"雷火豐","뇌화풍","上九","上九 黃離元吉 柔順中正","上九: 뇌화풍 6효 - 바른 원칙과 겸손함을 지켜 길함을 얻는다","뇌화풍(雷火豐) 6효의 기운입니다. 조급한 마음을 내려놓고 원칙과 조화를 중시할 때 좋은 성과를 이룹니다."
56,1,"火山旅","화산려","初九","初九 日中見斗 往得疑疾","初九: 화산려 1효 - 바른 원칙과 겸손함을 지켜 길함을 얻는다","화산려(火山旅) 1효의 기운입니다. 조급한 마음을 내려놓고 원칙과 조화를 중시할 때 좋은 성과를 이룹니다."
56,2,"火山旅","화산려","六二","六二 鳴鶴在陰 其子和之","六二: 화산려 2효 - 바른 원칙과 겸손함을 지켜 길함을 얻는다","화산려(火山旅) 2효의 기운입니다. 조급한 마음을 내려놓고 원칙과 조화를 중시할 때 좋은 성과를 이룹니다."
56,3,"火山旅","화산려","九三","九三 同人先號咈而後笑","九三: 화산려 3효 - 바른 원칙과 겸손함을 지켜 길함을 얻는다","화산려(火山旅) 3효의 기운입니다. 조급한 마음을 내려놓고 원칙과 조화를 중시할 때 좋은 성과를 이룹니다."
56,4,"火山旅","화산려","六四","六四 履道坦坦 幽人貞吉","六四: 화산려 4효 - 바른 원칙과 겸손함을 지켜 길함을 얻는다","화산려(火山旅) 4효의 기운입니다. 조급한 마음을 내려놓고 원칙과 조화를 중시할 때 좋은 성과를 이룹니다."
56,5,"火山旅","화산려","九五","九五 黃離元吉 柔順中正","九五: 화산려 5효 - 바른 원칙과 겸손함을 지켜 길함을 얻는다","화산려(火山旅) 5효의 기운입니다. 조급한 마음을 내려놓고 원칙과 조화를 중시할 때 좋은 성과를 이룹니다."
56,6,"火山旅","화산려","上六","上六 鴻漸于陸 公子矢居","上六: 화산려 6효 - 바른 원칙과 겸손함을 지켜 길함을 얻는다","화산려(火山旅) 6효의 기운입니다. 조급한 마음을 내려놓고 원칙과 조화를 중시할 때 좋은 성과를 이룹니다."
57,1,"巽爲風","중풍손","初六","初六 鳴鶴在陰 其子和之","初六: 중풍손 1효 - 바른 원칙과 겸손함을 지켜 길함을 얻는다","중풍손(巽爲風) 1효의 기운입니다. 조급한 마음을 내려놓고 원칙과 조화를 중시할 때 좋은 성과를 이룹니다."
57,2,"巽爲風","중풍손","九二","九二 同人先號咈而後笑","九二: 중풍손 2효 - 바른 원칙과 겸손함을 지켜 길함을 얻는다","중풍손(巽爲風) 2효의 기운입니다. 조급한 마음을 내려놓고 원칙과 조화를 중시할 때 좋은 성과를 이룹니다."
57,3,"巽爲風","중풍손","六三","六三 履道坦坦 幽人貞吉","六三: 중풍손 3효 - 바른 원칙과 겸손함을 지켜 길함을 얻는다","중풍손(巽爲風) 3효의 기운입니다. 조급한 마음을 내려놓고 원칙과 조화를 중시할 때 좋은 성과를 이룹니다."
57,4,"巽爲風","중풍손","九四","九四 黃離元吉 柔順中正","九四: 중풍손 4효 - 바른 원칙과 겸손함을 지켜 길함을 얻는다","중풍손(巽爲風) 4효의 기운입니다. 조급한 마음을 내려놓고 원칙과 조화를 중시할 때 좋은 성과를 이룹니다."
57,5,"巽爲風","중풍손","六五","六五 鴻漸于陸 公子矢居","六五: 중풍손 5효 - 바른 원칙과 겸손함을 지켜 길함을 얻는다","중풍손(巽爲風) 5효의 기운입니다. 조급한 마음을 내려놓고 원칙과 조화를 중시할 때 좋은 성과를 이룹니다."
57,6,"巽爲風","중풍손","上九","上九 日中見斗 往得疑疾","上九: 중풍손 6효 - 바른 원칙과 겸손함을 지켜 길함을 얻는다","중풍손(巽爲風) 6효의 기운입니다. 조급한 마음을 내려놓고 원칙과 조화를 중시할 때 좋은 성과를 이룹니다."
58,1,"兌爲澤","중택태","初九","初九 同人先號咈而後笑","初九: 중택태 1효 - 바른 원칙과 겸손함을 지켜 길함을 얻는다","중택태(兌爲澤) 1효의 기운입니다. 조급한 마음을 내려놓고 원칙과 조화를 중시할 때 좋은 성과를 이룹니다."
58,2,"兌爲澤","중택태","六二","六二 履道坦坦 幽人貞吉","六二: 중택태 2효 - 바른 원칙과 겸손함을 지켜 길함을 얻는다","중택태(兌爲澤) 2효의 기운입니다. 조급한 마음을 내려놓고 원칙과 조화를 중시할 때 좋은 성과를 이룹니다."
58,3,"兌爲澤","중택태","九三","九三 黃離元吉 柔順中正","九三: 중택태 3효 - 바른 원칙과 겸손함을 지켜 길함을 얻는다","중택태(兌爲澤) 3효의 기운입니다. 조급한 마음을 내려놓고 원칙과 조화를 중시할 때 좋은 성과를 이룹니다."
58,4,"兌爲澤","중택태","六四","六四 鴻漸于陸 公子矢居","六四: 중택태 4효 - 바른 원칙과 겸손함을 지켜 길함을 얻는다","중택태(兌爲澤) 4효의 기운입니다. 조급한 마음을 내려놓고 원칙과 조화를 중시할 때 좋은 성과를 이룹니다."
58,5,"兌爲澤","중택태","九五","九五 日中見斗 往得疑疾","九五: 중택태 5효 - 바른 원칙과 겸손함을 지켜 길함을 얻는다","중택태(兌爲澤) 5효의 기운입니다. 조급한 마음을 내려놓고 원칙과 조화를 중시할 때 좋은 성과를 이룹니다."
58,6,"兌爲澤","중택태","上六","上六 鳴鶴在陰 其子和之","上六: 중택태 6효 - 바른 원칙과 겸손함을 지켜 길함을 얻는다","중택태(兌爲澤) 6효의 기운입니다. 조급한 마음을 내려놓고 원칙과 조화를 중시할 때 좋은 성과를 이룹니다."
59,1,"風水渙","풍수환","初六","初六 履道坦坦 幽人貞吉","初六: 풍수환 1효 - 바른 원칙과 겸손함을 지켜 길함을 얻는다","풍수환(風水渙) 1효의 기운입니다. 조급한 마음을 내려놓고 원칙과 조화를 중시할 때 좋은 성과를 이룹니다."
59,2,"風水渙","풍수환","九二","九二 黃離元吉 柔順中正","九二: 풍수환 2효 - 바른 원칙과 겸손함을 지켜 길함을 얻는다","풍수환(風水渙) 2효의 기운입니다. 조급한 마음을 내려놓고 원칙과 조화를 중시할 때 좋은 성과를 이룹니다."
59,3,"風水渙","풍수환","六三","六三 鴻漸于陸 公子矢居","六三: 풍수환 3효 - 바른 원칙과 겸손함을 지켜 길함을 얻는다","풍수환(風水渙) 3효의 기운입니다. 조급한 마음을 내려놓고 원칙과 조화를 중시할 때 좋은 성과를 이룹니다."
59,4,"風水渙","풍수환","九四","九四 日中見斗 往得疑疾","九四: 풍수환 4효 - 바른 원칙과 겸손함을 지켜 길함을 얻는다","풍수환(風水渙) 4효의 기운입니다. 조급한 마음을 내려놓고 원칙과 조화를 중시할 때 좋은 성과를 이룹니다."
59,5,"風水渙","풍수환","六五","六五 鳴鶴在陰 其子和之","六五: 풍수환 5효 - 바른 원칙과 겸손함을 지켜 길함을 얻는다","풍수환(風水渙) 5효의 기운입니다. 조급한 마음을 내려놓고 원칙과 조화를 중시할 때 좋은 성과를 이룹니다."
59,6,"風水渙","풍수환","上九","上九 同人先號咈而後笑","上九: 풍수환 6효 - 바른 원칙과 겸손함을 지켜 길함을 얻는다","풍수환(風水渙) 6효의 기운입니다. 조급한 마음을 내려놓고 원칙과 조화를 중시할 때 좋은 성과를 이룹니다."
60,1,"水澤節","수택절","初九","初九 黃離元吉 柔順中正","初九: 수택절 1효 - 바른 원칙과 겸손함을 지켜 길함을 얻는다","수택절(水澤節) 1효의 기운입니다. 조급한 마음을 내려놓고 원칙과 조화를 중시할 때 좋은 성과를 이룹니다."
60,2,"水澤節","수택절","六二","六二 鴻漸于陸 公子矢居","六二: 수택절 2효 - 바른 원칙과 겸손함을 지켜 길함을 얻는다","수택절(水澤節) 2효의 기운입니다. 조급한 마음을 내려놓고 원칙과 조화를 중시할 때 좋은 성과를 이룹니다."
60,3,"水澤節","수택절","九三","九三 日中見斗 往得疑疾","九三: 수택절 3효 - 바른 원칙과 겸손함을 지켜 길함을 얻는다","수택절(水澤節) 3효의 기운입니다. 조급한 마음을 내려놓고 원칙과 조화를 중시할 때 좋은 성과를 이룹니다."
60,4,"水澤節","수택절","六四","六四 鳴鶴在陰 其子和之","六四: 수택절 4효 - 바른 원칙과 겸손함을 지켜 길함을 얻는다","수택절(水澤節) 4효의 기운입니다. 조급한 마음을 내려놓고 원칙과 조화를 중시할 때 좋은 성과를 이룹니다."
60,5,"水澤節","수택절","九五","九五 同人先號咈而後笑","九五: 수택절 5효 - 바른 원칙과 겸손함을 지켜 길함을 얻는다","수택절(水澤節) 5효의 기운입니다. 조급한 마음을 내려놓고 원칙과 조화를 중시할 때 좋은 성과를 이룹니다."
60,6,"水澤節","수택절","上六","上六 履道坦坦 幽人貞吉","上六: 수택절 6효 - 바른 원칙과 겸손함을 지켜 길함을 얻는다","수택절(水澤節) 6효의 기운입니다. 조급한 마음을 내려놓고 원칙과 조화를 중시할 때 좋은 성과를 이룹니다."
61,1,"風澤中孚","풍택중부","初六","初六 鴻漸于陸 公子矢居","初六: 풍택중부 1효 - 바른 원칙과 겸손함을 지켜 길함을 얻는다","풍택중부(風澤中孚) 1효의 기운입니다. 조급한 마음을 내려놓고 원칙과 조화를 중시할 때 좋은 성과를 이룹니다."
61,2,"風澤中孚","풍택중부","九二","九二 日中見斗 往得疑疾","九二: 풍택중부 2효 - 바른 원칙과 겸손함을 지켜 길함을 얻는다","풍택중부(風澤中孚) 2효의 기운입니다. 조급한 마음을 내려놓고 원칙과 조화를 중시할 때 좋은 성과를 이룹니다."
61,3,"風澤中孚","풍택중부","六三","六三 鳴鶴在陰 其子和之","六三: 풍택중부 3효 - 바른 원칙과 겸손함을 지켜 길함을 얻는다","풍택중부(風澤中孚) 3효의 기운입니다. 조급한 마음을 내려놓고 원칙과 조화를 중시할 때 좋은 성과를 이룹니다."
61,4,"風澤中孚","풍택중부","九四","九四 同人先號咈而後笑","九四: 풍택중부 4효 - 바른 원칙과 겸손함을 지켜 길함을 얻는다","풍택중부(風澤中孚) 4효의 기운입니다. 조급한 마음을 내려놓고 원칙과 조화를 중시할 때 좋은 성과를 이룹니다."
61,5,"風澤中孚","풍택중부","六五","六五 履道坦坦 幽人貞吉","六五: 풍택중부 5효 - 바른 원칙과 겸손함을 지켜 길함을 얻는다","풍택중부(風澤中孚) 5효의 기운입니다. 조급한 마음을 내려놓고 원칙과 조화를 중시할 때 좋은 성과를 이룹니다."
61,6,"風澤中孚","풍택중부","上九","上九 黃離元吉 柔順中正","上九: 풍택중부 6효 - 바른 원칙과 겸손함을 지켜 길함을 얻는다","풍택중부(風澤中孚) 6효의 기운입니다. 조급한 마음을 내려놓고 원칙과 조화를 중시할 때 좋은 성과를 이룹니다."
62,1,"雷山小過","뇌산소과","初九","初九 日中見斗 往得疑疾","初九: 뇌산소과 1효 - 바른 원칙과 겸손함을 지켜 길함을 얻는다","뇌산소과(雷山小過) 1효의 기운입니다. 조급한 마음을 내려놓고 원칙과 조화를 중시할 때 좋은 성과를 이룹니다."
62,2,"雷山小過","뇌산소과","六二","六二 鳴鶴在陰 其子和之","六二: 뇌산소과 2효 - 바른 원칙과 겸손함을 지켜 길함을 얻는다","뇌산소과(雷山小過) 2효의 기운입니다. 조급한 마음을 내려놓고 원칙과 조화를 중시할 때 좋은 성과를 이룹니다."
62,3,"雷山小過","뇌산소과","九三","九三 同人先號咈而後笑","九三: 뇌산소과 3효 - 바른 원칙과 겸손함을 지켜 길함을 얻는다","뇌산소과(雷山小過) 3효의 기운입니다. 조급한 마음을 내려놓고 원칙과 조화를 중시할 때 좋은 성과를 이룹니다."
62,4,"雷山小過","뇌산소과","六四","六四 履道坦坦 幽人貞吉","六四: 뇌산소과 4효 - 바른 원칙과 겸손함을 지켜 길함을 얻는다","뇌산소과(雷山小過) 4효의 기운입니다. 조급한 마음을 내려놓고 원칙과 조화를 중시할 때 좋은 성과를 이룹니다."
62,5,"雷山小過","뇌산소과","九五","九五 黃離元吉 柔順中正","九五: 뇌산소과 5효 - 바른 원칙과 겸손함을 지켜 길함을 얻는다","뇌산소과(雷山小過) 5효의 기운입니다. 조급한 마음을 내려놓고 원칙과 조화를 중시할 때 좋은 성과를 이룹니다."
62,6,"雷山小過","뇌산소과","上六","上六 鴻漸于陸 公子矢居","上六: 뇌산소과 6효 - 바른 원칙과 겸손함을 지켜 길함을 얻는다","뇌산소과(雷山小過) 6효의 기운입니다. 조급한 마음을 내려놓고 원칙과 조화를 중시할 때 좋은 성과를 이룹니다."
63,1,"水火旣濟","수화기제","初六","初六 鳴鶴在陰 其子和之","初六: 수화기제 1효 - 바른 원칙과 겸손함을 지켜 길함을 얻는다","수화기제(水火旣濟) 1효의 기운입니다. 조급한 마음을 내려놓고 원칙과 조화를 중시할 때 좋은 성과를 이룹니다."
63,2,"水火旣濟","수화기제","九二","九二 同人先號咈而後笑","九二: 수화기제 2효 - 바른 원칙과 겸손함을 지켜 길함을 얻는다","수화기제(水火旣濟) 2효의 기운입니다. 조급한 마음을 내려놓고 원칙과 조화를 중시할 때 좋은 성과를 이룹니다."
63,3,"水火旣濟","수화기제","六三","六三 履道坦坦 幽人貞吉","六三: 수화기제 3효 - 바른 원칙과 겸손함을 지켜 길함을 얻는다","수화기제(水火旣濟) 3효의 기운입니다. 조급한 마음을 내려놓고 원칙과 조화를 중시할 때 좋은 성과를 이룹니다."
63,4,"水火旣濟","수화기제","九四","九四 黃離元吉 柔順中正","九四: 수화기제 4효 - 바른 원칙과 겸손함을 지켜 길함을 얻는다","수화기제(水火旣濟) 4효의 기운입니다. 조급한 마음을 내려놓고 원칙과 조화를 중시할 때 좋은 성과를 이룹니다."
63,5,"水火旣濟","수화기제","六五","六五 鴻漸于陸 公子矢居","六五: 수화기제 5효 - 바른 원칙과 겸손함을 지켜 길함을 얻는다","수화기제(水火旣濟) 5효의 기운입니다. 조급한 마음을 내려놓고 원칙과 조화를 중시할 때 좋은 성과를 이룹니다."
63,6,"水火旣濟","수화기제","上九","上九 日中見斗 往得疑疾","上九: 수화기제 6효 - 바른 원칙과 겸손함을 지켜 길함을 얻는다","수화기제(水火旣濟) 6효의 기운입니다. 조급한 마음을 내려놓고 원칙과 조화를 중시할 때 좋은 성과를 이룹니다."
64,1,"火水未濟","화수미제","初九","初九 同人先號咈而後笑","初九: 화수미제 1효 - 바른 원칙과 겸손함을 지켜 길함을 얻는다","화수미제(火水未濟) 1효의 기운입니다. 조급한 마음을 내려놓고 원칙과 조화를 중시할 때 좋은 성과를 이룹니다."
64,2,"火水未濟","화수미제","六二","六二 履道坦坦 幽人貞吉","六二: 화수미제 2효 - 바른 원칙과 겸손함을 지켜 길함을 얻는다","화수미제(火水未濟) 2효의 기운입니다. 조급한 마음을 내려놓고 원칙과 조화를 중시할 때 좋은 성과를 이룹니다."
64,3,"火水未濟","화수미제","九三","九三 黃離元吉 柔順中正","九三: 화수미제 3효 - 바른 원칙과 겸손함을 지켜 길함을 얻는다","화수미제(火水未濟) 3효의 기운입니다. 조급한 마음을 내려놓고 원칙과 조화를 중시할 때 좋은 성과를 이룹니다."
64,4,"火水未濟","화수미제","六四","六四 鴻漸于陸 公子矢居","六四: 화수미제 4효 - 바른 원칙과 겸손함을 지켜 길함을 얻는다","화수미제(火水未濟) 4효의 기운입니다. 조급한 마음을 내려놓고 원칙과 조화를 중시할 때 좋은 성과를 이룹니다."
64,5,"火水未濟","화수미제","九五","九五 日中見斗 往得疑疾","九五: 화수미제 5효 - 바른 원칙과 겸손함을 지켜 길함을 얻는다","화수미제(火水未濟) 5효의 기운입니다. 조급한 마음을 내려놓고 원칙과 조화를 중시할 때 좋은 성과를 이룹니다."
64,6,"火水未濟","화수미제","上六","上六 鳴鶴在陰 其子和之","上六: 화수미제 6효 - 바른 원칙과 겸손함을 지켜 길함을 얻는다","화수미제(火水未濟) 6효의 기운입니다. 조급한 마음을 내려놓고 원칙과 조화를 중시할 때 좋은 성과를 이룹니다."